Country Name,Country Code,Series Name,Series Code,2023 [YR2023]
Afghanistan,AFG,Access to electricity (% of population),EG.ELC.ACCS.ZS,85.3
Afghanistan,AFG,Urban population (% of total population),SP.URB.TOTL.IN.ZS,25.4730529631167
Afghanistan,AFG,Food imports (% of merchandise imports),TM.VAL.FOOD.ZS.UN,..
Afghanistan,AFG,Food exports (% of merchandise exports),TX.VAL.FOOD.ZS.UN,..
Afghanistan,AFG,"GDP per capita, PPP (current international $)",NY.GDP.PCAP.PP.CD,2201.72290691677
Afghanistan,AFG,"Life expectancy at birth, total (years)",SP.DYN.LE00.IN,66.035
Afghanistan,AFG,"Literacy rate, adult total (% of people ages 15 and above)",SE.ADT.LITR.ZS,..
Afghanistan,AFG,"Government expenditure on education, total (% of GDP)",SE.XPD.TOTL.GD.ZS,..
Afghanistan,AFG,"Population, total",SP.POP.TOTL,41454761
Albania,ALB,Access to electricity (% of population),EG.ELC.ACCS.ZS,100
Albania,ALB,Urban population (% of total population),SP.URB.TOTL.IN.ZS,58.2106086137857
Albania,ALB,Food imports (% of merchandise imports),TM.VAL.FOOD.ZS.UN,16.077738075903
Albania,ALB,Food exports (% of merchandise exports),TX.VAL.FOOD.ZS.UN,11.9640780632637
Albania,ALB,"GDP per capita, PPP (current international $)",NY.GDP.PCAP.PP.CD,24822.3543089995
Albania,ALB,"Life expectancy at birth, total (years)",SP.DYN.LE00.IN,79.602
Albania,ALB,"Literacy rate, adult total (% of people ages 15 and above)",SE.ADT.LITR.ZS,97.6800003051758
Albania,ALB,"Government expenditure on education, total (% of GDP)",SE.XPD.TOTL.GD.ZS,3.09153008460998
Albania,ALB,"Population, total",SP.POP.TOTL,2414095
Algeria,DZA,Access to electricity (% of population),EG.ELC.ACCS.ZS,100
Algeria,DZA,Urban population (% of total population),SP.URB.TOTL.IN.ZS,74.732808364138
Algeria,DZA,Food imports (% of merchandise imports),TM.VAL.FOOD.ZS.UN,..
Algeria,DZA,Food exports (% of merchandise exports),TX.VAL.FOOD.ZS.UN,..
Algeria,DZA,"GDP per capita, PPP (current international $)",NY.GDP.PCAP.PP.CD,16824.4879034627
Algeria,DZA,"Life expectancy at birth, total (years)",SP.DYN.LE00.IN,76.261
Algeria,DZA,"Literacy rate, adult total (% of people ages 15 and above)",SE.ADT.LITR.ZS,..
Algeria,DZA,"Government expenditure on education, total (% of GDP)",SE.XPD.TOTL.GD.ZS,5.61015717726636
Algeria,DZA,"Population, total",SP.POP.TOTL,46164219
American Samoa,ASM,Access to electricity (% of population),EG.ELC.ACCS.ZS,..
American Samoa,ASM,Urban population (% of total population),SP.URB.TOTL.IN.ZS,81.3721542708222
American Samoa,ASM,Food imports (% of merchandise imports),TM.VAL.FOOD.ZS.UN,..
American Samoa,ASM,Food exports (% of merchandise exports),TX.VAL.FOOD.ZS.UN,..
American Samoa,ASM,"GDP per capita, PPP (current international $)",NY.GDP.PCAP.PP.CD,..
American Samoa,ASM,"Life expectancy at birth, total (years)",SP.DYN.LE00.IN,72.852
American Samoa,ASM,"Literacy rate, adult total (% of people ages 15 and above)",SE.ADT.LITR.ZS,..
American Samoa,ASM,"Government expenditure on education, total (% of GDP)",SE.XPD.TOTL.GD.ZS,..
American Samoa,ASM,"Population, total",SP.POP.TOTL,47521
Andorra,AND,Access to electricity (% of population),EG.ELC.ACCS.ZS,100
Andorra,AND,Urban population (% of total population),SP.URB.TOTL.IN.ZS,88.8201609217082
Andorra,AND,Food imports (% of merchandise imports),TM.VAL.FOOD.ZS.UN,21.39859180226
Andorra,AND,Food exports (% of merchandise exports),TX.VAL.FOOD.ZS.UN,1.0898638304214
Andorra,AND,"GDP per capita, PPP (current international $)",NY.GDP.PCAP.PP.CD,71730.668682165
Andorra,AND,"Life expectancy at birth, total (years)",SP.DYN.LE00.IN,84.041
Andorra,AND,"Literacy rate, adult total (% of people ages 15 and above)",SE.ADT.LITR.ZS,..
Andorra,AND,"Government expenditure on education, total (% of GDP)",SE.XPD.TOTL.GD.ZS,1.89867997169495
Andorra,AND,"Population, total",SP.POP.TOTL,80856
Angola,AGO,Access to electricity (% of population),EG.ELC.ACCS.ZS,51.1
Angola,AGO,Urban population (% of total population),SP.URB.TOTL.IN.ZS,69.8515032220457
Angola,AGO,Food imports (% of merchandise imports),TM.VAL.FOOD.ZS.UN,14.4443926524951
Angola,AGO,Food exports (% of merchandise exports),TX.VAL.FOOD.ZS.UN,0.451668885477411
Angola,AGO,"GDP per capita, PPP (current international $)",NY.GDP.PCAP.PP.CD,9753.60046763783
Angola,AGO,"Life expectancy at birth, total (years)",SP.DYN.LE00.IN,64.617
Angola,AGO,"Literacy rate, adult total (% of people ages 15 and above)",SE.ADT.LITR.ZS,..
Angola,AGO,"Government expenditure on education, total (% of GDP)",SE.XPD.TOTL.GD.ZS,2.51273663315785
Angola,AGO,"Population, total",SP.POP.TOTL,36749906
Antigua and Barbuda,ATG,Access to electricity (% of population),EG.ELC.ACCS.ZS,100
Antigua and Barbuda,ATG,Urban population (% of total population),SP.URB.TOTL.IN.ZS,24.4500156687422
Antigua and Barbuda,ATG,Food imports (% of merchandise imports),TM.VAL.FOOD.ZS.UN,27.0488415278688
Antigua and Barbuda,ATG,Food exports (% of merchandise exports),TX.VAL.FOOD.ZS.UN,79.5397138175244
Antigua and Barbuda,ATG,"GDP per capita, PPP (current international $)",NY.GDP.PCAP.PP.CD,31601.7527146877
Antigua and Barbuda,ATG,"Life expectancy at birth, total (years)",SP.DYN.LE00.IN,77.598
Antigua and Barbuda,ATG,"Literacy rate, adult total (% of people ages 15 and above)",SE.ADT.LITR.ZS,..
Antigua and Barbuda,ATG,"Government expenditure on education, total (% of GDP)",SE.XPD.TOTL.GD.ZS,3.10505161832136
Antigua and Barbuda,ATG,"Population, total",SP.POP.TOTL,93316
Argentina,ARG,Access to electricity (% of population),EG.ELC.ACCS.ZS,100
Argentina,ARG,Urban population (% of total population),SP.URB.TOTL.IN.ZS,92.1945132257907
Argentina,ARG,Food imports (% of merchandise imports),TM.VAL.FOOD.ZS.UN,10.6683998553206
Argentina,ARG,Food exports (% of merchandise exports),TX.VAL.FOOD.ZS.UN,52.7267666905217
Argentina,ARG,"GDP per capita, PPP (current international $)",NY.GDP.PCAP.PP.CD,30221.4976888753
Argentina,ARG,"Life expectancy at birth, total (years)",SP.DYN.LE00.IN,77.395
Argentina,ARG,"Literacy rate, adult total (% of people ages 15 and above)",SE.ADT.LITR.ZS,..
Argentina,ARG,"Government expenditure on education, total (% of GDP)",SE.XPD.TOTL.GD.ZS,5.89754023690244
Argentina,ARG,"Population, total",SP.POP.TOTL,45538401
Armenia,ARM,Access to electricity (% of population),EG.ELC.ACCS.ZS,100
Armenia,ARM,Urban population (% of total population),SP.URB.TOTL.IN.ZS,65.6956882008852
Armenia,ARM,Food imports (% of merchandise imports),TM.VAL.FOOD.ZS.UN,9.90988450563072
Armenia,ARM,Food exports (% of merchandise exports),TX.VAL.FOOD.ZS.UN,13.0960733549578
Armenia,ARM,"GDP per capita, PPP (current international $)",NY.GDP.PCAP.PP.CD,21534.030536117
Armenia,ARM,"Life expectancy at birth, total (years)",SP.DYN.LE00.IN,77.4658536585366
Armenia,ARM,"Literacy rate, adult total (% of people ages 15 and above)",SE.ADT.LITR.ZS,99.8399963378906
Armenia,ARM,"Government expenditure on education, total (% of GDP)",SE.XPD.TOTL.GD.ZS,2.43869996070862
Armenia,ARM,"Population, total",SP.POP.TOTL,2964300
Aruba,ABW,Access to electricity (% of population),EG.ELC.ACCS.ZS,100
Aruba,ABW,Urban population (% of total population),SP.URB.TOTL.IN.ZS,61.8351492675589
Aruba,ABW,Food imports (% of merchandise imports),TM.VAL.FOOD.ZS.UN,30.7454723493872
Aruba,ABW,Food exports (% of merchandise exports),TX.VAL.FOOD.ZS.UN,67.3173558784974
Aruba,ABW,"GDP per capita, PPP (current international $)",NY.GDP.PCAP.PP.CD,46574.3574197653
Aruba,ABW,"Life expectancy at birth, total (years)",SP.DYN.LE00.IN,76.353
Aruba,ABW,"Literacy rate, adult total (% of people ages 15 and above)",SE.ADT.LITR.ZS,..
Aruba,ABW,"Government expenditure on education, total (% of GDP)",SE.XPD.TOTL.GD.ZS,..
Aruba,ABW,"Population, total",SP.POP.TOTL,107359
Australia,AUS,Access to electricity (% of population),EG.ELC.ACCS.ZS,100
Australia,AUS,Urban population (% of total population),SP.URB.TOTL.IN.ZS,87.4866955653765
Australia,AUS,Food imports (% of merchandise imports),TM.VAL.FOOD.ZS.UN,6.12272392365969
Australia,AUS,Food exports (% of merchandise exports),TX.VAL.FOOD.ZS.UN,11.6335324538363
Australia,AUS,"GDP per capita, PPP (current international $)",NY.GDP.PCAP.PP.CD,72272.7092136683
Australia,AUS,"Life expectancy at birth, total (years)",SP.DYN.LE00.IN,83.0512195121951
Australia,AUS,"Literacy rate, adult total (% of people ages 15 and above)",SE.ADT.LITR.ZS,..
Australia,AUS,"Government expenditure on education, total (% of GDP)",SE.XPD.TOTL.GD.ZS,..
Australia,AUS,"Population, total",SP.POP.TOTL,26659922
Austria,AUT,Access to electricity (% of population),EG.ELC.ACCS.ZS,100
Austria,AUT,Urban population (% of total population),SP.URB.TOTL.IN.ZS,69.2265358276021
Austria,AUT,Food imports (% of merchandise imports),TM.VAL.FOOD.ZS.UN,8.16326342188619
Austria,AUT,Food exports (% of merchandise exports),TX.VAL.FOOD.ZS.UN,8.03478088149338
Austria,AUT,"GDP per capita, PPP (current international $)",NY.GDP.PCAP.PP.CD,73544.6567230487
Austria,AUT,"Life expectancy at birth, total (years)",SP.DYN.LE00.IN,81.5414634146342
Austria,AUT,"Literacy rate, adult total (% of people ages 15 and above)",SE.ADT.LITR.ZS,..
Austria,AUT,"Government expenditure on education, total (% of GDP)",SE.XPD.TOTL.GD.ZS,..
Austria,AUT,"Population, total",SP.POP.TOTL,9131761
Azerbaijan,AZE,Access to electricity (% of population),EG.ELC.ACCS.ZS,100
Azerbaijan,AZE,Urban population (% of total population),SP.URB.TOTL.IN.ZS,58.5075350483702
Azerbaijan,AZE,Food imports (% of merchandise imports),TM.VAL.FOOD.ZS.UN,14.5216014154835
Azerbaijan,AZE,Food exports (% of merchandise exports),TX.VAL.FOOD.ZS.UN,2.83565108634186
Azerbaijan,AZE,"GDP per capita, PPP (current international $)",NY.GDP.PCAP.PP.CD,23651.5994852756
Azerbaijan,AZE,"Life expectancy at birth, total (years)",SP.DYN.LE00.IN,74.429
Azerbaijan,AZE,"Literacy rate, adult total (% of people ages 15 and above)",SE.ADT.LITR.ZS,99.7799987792969
Azerbaijan,AZE,"Government expenditure on education, total (% of GDP)",SE.XPD.TOTL.GD.ZS,3.66400003433227
Azerbaijan,AZE,"Population, total",SP.POP.TOTL,10153958
"Bahamas, The",BHS,Access to electricity (% of population),EG.ELC.ACCS.ZS,100
"Bahamas, The",BHS,Urban population (% of total population),SP.URB.TOTL.IN.ZS,81.3213799173676
"Bahamas, The",BHS,Food imports (% of merchandise imports),TM.VAL.FOOD.ZS.UN,22.1072116100899
"Bahamas, The",BHS,Food exports (% of merchandise exports),TX.VAL.FOOD.ZS.UN,42.0246555668094
"Bahamas, The",BHS,"GDP per capita, PPP (current international $)",NY.GDP.PCAP.PP.CD,39090.1214737976
"Bahamas, The",BHS,"Life expectancy at birth, total (years)",SP.DYN.LE00.IN,74.552
"Bahamas, The",BHS,"Literacy rate, adult total (% of people ages 15 and above)",SE.ADT.LITR.ZS,..
"Bahamas, The",BHS,"Government expenditure on education, total (% of GDP)",SE.XPD.TOTL.GD.ZS,2.74191570247934
"Bahamas, The",BHS,"Population, total",SP.POP.TOTL,399440
Bahrain,BHR,Access to electricity (% of population),EG.ELC.ACCS.ZS,100
Bahrain,BHR,Urban population (% of total population),SP.URB.TOTL.IN.ZS,100
Bahrain,BHR,Food imports (% of merchandise imports),TM.VAL.FOOD.ZS.UN,13.9121235503305
Bahrain,BHR,Food exports (% of merchandise exports),TX.VAL.FOOD.ZS.UN,8.33811493935556
Bahrain,BHR,"GDP per capita, PPP (current international $)",NY.GDP.PCAP.PP.CD,64171.0857359052
Bahrain,BHR,"Life expectancy at birth, total (years)",SP.DYN.LE00.IN,81.284
Bahrain,BHR,"Literacy rate, adult total (% of people ages 15 and above)",SE.ADT.LITR.ZS,97.8499984741211
Bahrain,BHR,"Government expenditure on education, total (% of GDP)",SE.XPD.TOTL.GD.ZS,1.88778167912993
Bahrain,BHR,"Population, total",SP.POP.TOTL,1577059
Bangladesh,BGD,Access to electricity (% of population),EG.ELC.ACCS.ZS,99.5
Bangladesh,BGD,Urban population (% of total population),SP.URB.TOTL.IN.ZS,32.1578465036834
Bangladesh,BGD,Food imports (% of merchandise imports),TM.VAL.FOOD.ZS.UN,..
Bangladesh,BGD,Food exports (% of merchandise exports),TX.VAL.FOOD.ZS.UN,..
Bangladesh,BGD,"GDP per capita, PPP (current international $)",NY.GDP.PCAP.PP.CD,9147.7775066555
Bangladesh,BGD,"Life expectancy at birth, total (years)",SP.DYN.LE00.IN,74.672
Bangladesh,BGD,"Literacy rate, adult total (% of people ages 15 and above)",SE.ADT.LITR.ZS,..
Bangladesh,BGD,"Government expenditure on education, total (% of GDP)",SE.XPD.TOTL.GD.ZS,2.16213826344701
Bangladesh,BGD,"Population, total",SP.POP.TOTL,171466990
Barbados,BRB,Access to electricity (% of population),EG.ELC.ACCS.ZS,100
Barbados,BRB,Urban population (% of total population),SP.URB.TOTL.IN.ZS,59.4235740235775
Barbados,BRB,Food imports (% of merchandise imports),TM.VAL.FOOD.ZS.UN,22.1260594916239
Barbados,BRB,Food exports (% of merchandise exports),TX.VAL.FOOD.ZS.UN,46.0692175316982
Barbados,BRB,"GDP per capita, PPP (current international $)",NY.GDP.PCAP.PP.CD,23660.4047512929
Barbados,BRB,"Life expectancy at birth, total (years)",SP.DYN.LE00.IN,76.178
Barbados,BRB,"Literacy rate, adult total (% of people ages 15 and above)",SE.ADT.LITR.ZS,..
Barbados,BRB,"Government expenditure on education, total (% of GDP)",SE.XPD.TOTL.GD.ZS,3.7754499912262
Barbados,BRB,"Population, total",SP.POP.TOTL,282336
Belarus,BLR,Access to electricity (% of population),EG.ELC.ACCS.ZS,100
Belarus,BLR,Urban population (% of total population),SP.URB.TOTL.IN.ZS,78.8146420666327
Belarus,BLR,Food imports (% of merchandise imports),TM.VAL.FOOD.ZS.UN,..
Belarus,BLR,Food exports (% of merchandise exports),TX.VAL.FOOD.ZS.UN,..
Belarus,BLR,"GDP per capita, PPP (current international $)",NY.GDP.PCAP.PP.CD,30834.1773668111
Belarus,BLR,"Life expectancy at birth, total (years)",SP.DYN.LE00.IN,74.1837804878049
Belarus,BLR,"Literacy rate, adult total (% of people ages 15 and above)",SE.ADT.LITR.ZS,..
Belarus,BLR,"Government expenditure on education, total (% of GDP)",SE.XPD.TOTL.GD.ZS,4.9514799118042
Belarus,BLR,"Population, total",SP.POP.TOTL,9178298
Belgium,BEL,Access to electricity (% of population),EG.ELC.ACCS.ZS,100
Belgium,BEL,Urban population (% of total population),SP.URB.TOTL.IN.ZS,87.551492636772
Belgium,BEL,Food imports (% of merchandise imports),TM.VAL.FOOD.ZS.UN,9.59808316401005
Belgium,BEL,Food exports (% of merchandise exports),TX.VAL.FOOD.ZS.UN,11.9094769544787
Belgium,BEL,"GDP per capita, PPP (current international $)",NY.GDP.PCAP.PP.CD,71946.1447190292
Belgium,BEL,"Life expectancy at birth, total (years)",SP.DYN.LE00.IN,82.3975609756098
Belgium,BEL,"Literacy rate, adult total (% of people ages 15 and above)",SE.ADT.LITR.ZS,..
Belgium,BEL,"Government expenditure on education, total (% of GDP)",SE.XPD.TOTL.GD.ZS,..
Belgium,BEL,"Population, total",SP.POP.TOTL,11779946
Belize,BLZ,Access to electricity (% of population),EG.ELC.ACCS.ZS,99.6
Belize,BLZ,Urban population (% of total population),SP.URB.TOTL.IN.ZS,41.9459437504976
Belize,BLZ,Food imports (% of merchandise imports),TM.VAL.FOOD.ZS.UN,18.7499901307148
Belize,BLZ,Food exports (% of merchandise exports),TX.VAL.FOOD.ZS.UN,95.1691694031576
Belize,BLZ,"GDP per capita, PPP (current international $)",NY.GDP.PCAP.PP.CD,13729.892058721
Belize,BLZ,"Life expectancy at birth, total (years)",SP.DYN.LE00.IN,73.566
Belize,BLZ,"Literacy rate, adult total (% of people ages 15 and above)",SE.ADT.LITR.ZS,..
Belize,BLZ,"Government expenditure on education, total (% of GDP)",SE.XPD.TOTL.GD.ZS,4.23143005371094
Belize,BLZ,"Population, total",SP.POP.TOTL,411106
Benin,BEN,Access to electricity (% of population),EG.ELC.ACCS.ZS,57
Benin,BEN,Urban population (% of total population),SP.URB.TOTL.IN.ZS,51.7457922964593
Benin,BEN,Food imports (% of merchandise imports),TM.VAL.FOOD.ZS.UN,32.7370696077588
Benin,BEN,Food exports (% of merchandise exports),TX.VAL.FOOD.ZS.UN,37.3824789832326
Benin,BEN,"GDP per capita, PPP (current international $)",NY.GDP.PCAP.PP.CD,4129.9661200142
Benin,BEN,"Life expectancy at birth, total (years)",SP.DYN.LE00.IN,60.774
Benin,BEN,"Literacy rate, adult total (% of people ages 15 and above)",SE.ADT.LITR.ZS,..
Benin,BEN,"Government expenditure on education, total (% of GDP)",SE.XPD.TOTL.GD.ZS,3.22974322056608
Benin,BEN,"Population, total",SP.POP.TOTL,14111034
Bermuda,BMU,Access to electricity (% of population),EG.ELC.ACCS.ZS,100
Bermuda,BMU,Urban population (% of total population),SP.URB.TOTL.IN.ZS,100
Bermuda,BMU,Food imports (% of merchandise imports),TM.VAL.FOOD.ZS.UN,22.3359515687756
Bermuda,BMU,Food exports (% of merchandise exports),TX.VAL.FOOD.ZS.UN,19.1336201120999
Bermuda,BMU,"GDP per capita, PPP (current international $)",NY.GDP.PCAP.PP.CD,114372.049927372
Bermuda,BMU,"Life expectancy at birth, total (years)",SP.DYN.LE00.IN,82.309
Bermuda,BMU,"Literacy rate, adult total (% of people ages 15 and above)",SE.ADT.LITR.ZS,..
Bermuda,BMU,"Government expenditure on education, total (% of GDP)",SE.XPD.TOTL.GD.ZS,1.86510440752276
Bermuda,BMU,"Population, total",SP.POP.TOTL,64698
Bhutan,BTN,Access to electricity (% of population),EG.ELC.ACCS.ZS,100
Bhutan,BTN,Urban population (% of total population),SP.URB.TOTL.IN.ZS,41.7352457989939
Bhutan,BTN,Food imports (% of merchandise imports),TM.VAL.FOOD.ZS.UN,17.8223187322888
Bhutan,BTN,Food exports (% of merchandise exports),TX.VAL.FOOD.ZS.UN,12.1698373384061
Bhutan,BTN,"GDP per capita, PPP (current international $)",NY.GDP.PCAP.PP.CD,16215.1520073153
Bhutan,BTN,"Life expectancy at birth, total (years)",SP.DYN.LE00.IN,72.975
Bhutan,BTN,"Literacy rate, adult total (% of people ages 15 and above)",SE.ADT.LITR.ZS,..
Bhutan,BTN,"Government expenditure on education, total (% of GDP)",SE.XPD.TOTL.GD.ZS,5.84519004821777
Bhutan,BTN,"Population, total",SP.POP.TOTL,786385
Bolivia,BOL,Access to electricity (% of population),EG.ELC.ACCS.ZS,99.8
Bolivia,BOL,Urban population (% of total population),SP.URB.TOTL.IN.ZS,70.9151414044538
Bolivia,BOL,Food imports (% of merchandise imports),TM.VAL.FOOD.ZS.UN,7.15089981197722
Bolivia,BOL,Food exports (% of merchandise exports),TX.VAL.FOOD.ZS.UN,23.8487849704852
Bolivia,BOL,"GDP per capita, PPP (current international $)",NY.GDP.PCAP.PP.CD,12892.1249578777
Bolivia,BOL,"Life expectancy at birth, total (years)",SP.DYN.LE00.IN,68.581
Bolivia,BOL,"Literacy rate, adult total (% of people ages 15 and above)",SE.ADT.LITR.ZS,95.5500030517578
Bolivia,BOL,"Government expenditure on education, total (% of GDP)",SE.XPD.TOTL.GD.ZS,8.31589071412357
Bolivia,BOL,"Population, total",SP.POP.TOTL,12244159
Bosnia and Herzegovina,BIH,Access to electricity (% of population),EG.ELC.ACCS.ZS,100
Bosnia and Herzegovina,BIH,Urban population (% of total population),SP.URB.TOTL.IN.ZS,51.5657239834305
Bosnia and Herzegovina,BIH,Food imports (% of merchandise imports),TM.VAL.FOOD.ZS.UN,16.3641440333112
Bosnia and Herzegovina,BIH,Food exports (% of merchandise exports),TX.VAL.FOOD.ZS.UN,6.23155033228985
Bosnia and Herzegovina,BIH,"GDP per capita, PPP (current international $)",NY.GDP.PCAP.PP.CD,23376.2227477141
Bosnia and Herzegovina,BIH,"Life expectancy at birth, total (years)",SP.DYN.LE00.IN,77.85
Bosnia and Herzegovina,BIH,"Literacy rate, adult total (% of people ages 15 and above)",SE.ADT.LITR.ZS,..
Bosnia and Herzegovina,BIH,"Government expenditure on education, total (% of GDP)",SE.XPD.TOTL.GD.ZS,3.24564826597779
Bosnia and Herzegovina,BIH,"Population, total",SP.POP.TOTL,3185073
Botswana,BWA,Access to electricity (% of population),EG.ELC.ACCS.ZS,76
Botswana,BWA,Urban population (% of total population),SP.URB.TOTL.IN.ZS,67.0212655349864
Botswana,BWA,Food imports (% of merchandise imports),TM.VAL.FOOD.ZS.UN,16.2058105870723
Botswana,BWA,Food exports (% of merchandise exports),TX.VAL.FOOD.ZS.UN,1.85190802071299
Botswana,BWA,"GDP per capita, PPP (current international $)",NY.GDP.PCAP.PP.CD,21012.10319925
Botswana,BWA,"Life expectancy at birth, total (years)",SP.DYN.LE00.IN,69.163
Botswana,BWA,"Literacy rate, adult total (% of people ages 15 and above)",SE.ADT.LITR.ZS,..
Botswana,BWA,"Government expenditure on education, total (% of GDP)",SE.XPD.TOTL.GD.ZS,..
Botswana,BWA,"Population, total",SP.POP.TOTL,2480244
Brazil,BRA,Access to electricity (% of population),EG.ELC.ACCS.ZS,99.8
Brazil,BRA,Urban population (% of total population),SP.URB.TOTL.IN.ZS,87.6159710235763
Brazil,BRA,Food imports (% of merchandise imports),TM.VAL.FOOD.ZS.UN,5.36398908769221
Brazil,BRA,Food exports (% of merchandise exports),TX.VAL.FOOD.ZS.UN,42.0864551625389
Brazil,BRA,"GDP per capita, PPP (current international $)",NY.GDP.PCAP.PP.CD,21175.6186988214
Brazil,BRA,"Life expectancy at birth, total (years)",SP.DYN.LE00.IN,75.848
Brazil,BRA,"Literacy rate, adult total (% of people ages 15 and above)",SE.ADT.LITR.ZS,94.5839624750993
Brazil,BRA,"Government expenditure on education, total (% of GDP)",SE.XPD.TOTL.GD.ZS,..
Brazil,BRA,"Population, total",SP.POP.TOTL,211140729
British Virgin Islands,VGB,Access to electricity (% of population),EG.ELC.ACCS.ZS,100
British Virgin Islands,VGB,Urban population (% of total population),SP.URB.TOTL.IN.ZS,55.6407774494219
British Virgin Islands,VGB,Food imports (% of merchandise imports),TM.VAL.FOOD.ZS.UN,..
British Virgin Islands,VGB,Food exports (% of merchandise exports),TX.VAL.FOOD.ZS.UN,..
British Virgin Islands,VGB,"GDP per capita, PPP (current international $)",NY.GDP.PCAP.PP.CD,..
British Virgin Islands,VGB,"Life expectancy at birth, total (years)",SP.DYN.LE00.IN,77.276
British Virgin Islands,VGB,"Literacy rate, adult total (% of people ages 15 and above)",SE.ADT.LITR.ZS,..
British Virgin Islands,VGB,"Government expenditure on education, total (% of GDP)",SE.XPD.TOTL.GD.ZS,3.1728401184082
British Virgin Islands,VGB,"Population, total",SP.POP.TOTL,38985
Brunei Darussalam,BRN,Access to electricity (% of population),EG.ELC.ACCS.ZS,100
Brunei Darussalam,BRN,Urban population (% of total population),SP.URB.TOTL.IN.ZS,74.8199193881365
Brunei Darussalam,BRN,Food imports (% of merchandise imports),TM.VAL.FOOD.ZS.UN,8.2669685596365
Brunei Darussalam,BRN,Food exports (% of merchandise exports),TX.VAL.FOOD.ZS.UN,0.171146697847164
Brunei Darussalam,BRN,"GDP per capita, PPP (current international $)",NY.GDP.PCAP.PP.CD,85032.6008741995
Brunei Darussalam,BRN,"Life expectancy at birth, total (years)",SP.DYN.LE00.IN,75.327
Brunei Darussalam,BRN,"Literacy rate, adult total (% of people ages 15 and above)",SE.ADT.LITR.ZS,..
Brunei Darussalam,BRN,"Government expenditure on education, total (% of GDP)",SE.XPD.TOTL.GD.ZS,..
Brunei Darussalam,BRN,"Population, total",SP.POP.TOTL,458949
Bulgaria,BGR,Access to electricity (% of population),EG.ELC.ACCS.ZS,100
Bulgaria,BGR,Urban population (% of total population),SP.URB.TOTL.IN.ZS,73.7322671584613
Bulgaria,BGR,Food imports (% of merchandise imports),TM.VAL.FOOD.ZS.UN,12.1895750473205
Bulgaria,BGR,Food exports (% of merchandise exports),TX.VAL.FOOD.ZS.UN,17.431792921811
Bulgaria,BGR,"GDP per capita, PPP (current international $)",NY.GDP.PCAP.PP.CD,38829.1913208102
Bulgaria,BGR,"Life expectancy at birth, total (years)",SP.DYN.LE00.IN,75.7073170731707
Bulgaria,BGR,"Literacy rate, adult total (% of people ages 15 and above)",SE.ADT.LITR.ZS,..
Bulgaria,BGR,"Government expenditure on education, total (% of GDP)",SE.XPD.TOTL.GD.ZS,..
Bulgaria,BGR,"Population, total",SP.POP.TOTL,6446596
Burkina Faso,BFA,Access to electricity (% of population),EG.ELC.ACCS.ZS,21.7
Burkina Faso,BFA,Urban population (% of total population),SP.URB.TOTL.IN.ZS,27.7872478365158
Burkina Faso,BFA,Food imports (% of merchandise imports),TM.VAL.FOOD.ZS.UN,11.3694599596704
Burkina Faso,BFA,Food exports (% of merchandise exports),TX.VAL.FOOD.ZS.UN,8.53200243789895
Burkina Faso,BFA,"GDP per capita, PPP (current international $)",NY.GDP.PCAP.PP.CD,2759.30205484605
Burkina Faso,BFA,"Life expectancy at birth, total (years)",SP.DYN.LE00.IN,61.092
Burkina Faso,BFA,"Literacy rate, adult total (% of people ages 15 and above)",SE.ADT.LITR.ZS,41.442033530681
Burkina Faso,BFA,"Government expenditure on education, total (% of GDP)",SE.XPD.TOTL.GD.ZS,5.32757840997187
Burkina Faso,BFA,"Population, total",SP.POP.TOTL,23025776
Burundi,BDI,Access to electricity (% of population),EG.ELC.ACCS.ZS,11.6
Burundi,BDI,Urban population (% of total population),SP.URB.TOTL.IN.ZS,23.5534768372276
Burundi,BDI,Food imports (% of merchandise imports),TM.VAL.FOOD.ZS.UN,13.6549138261671
Burundi,BDI,Food exports (% of merchandise exports),TX.VAL.FOOD.ZS.UN,46.0212438657281
Burundi,BDI,"GDP per capita, PPP (current international $)",NY.GDP.PCAP.PP.CD,1149.98405842389
Burundi,BDI,"Life expectancy at birth, total (years)",SP.DYN.LE00.IN,63.651
Burundi,BDI,"Literacy rate, adult total (% of people ages 15 and above)",SE.ADT.LITR.ZS,..
Burundi,BDI,"Government expenditure on education, total (% of GDP)",SE.XPD.TOTL.GD.ZS,..
Burundi,BDI,"Population, total",SP.POP.TOTL,13689450
Cabo Verde,CPV,Access to electricity (% of population),EG.ELC.ACCS.ZS,98.6
Cabo Verde,CPV,Urban population (% of total population),SP.URB.TOTL.IN.ZS,75.9064245753376
Cabo Verde,CPV,Food imports (% of merchandise imports),TM.VAL.FOOD.ZS.UN,20.2119970579194
Cabo Verde,CPV,Food exports (% of merchandise exports),TX.VAL.FOOD.ZS.UN,87.536278816938
Cabo Verde,CPV,"GDP per capita, PPP (current international $)",NY.GDP.PCAP.PP.CD,10242.1532011212
Cabo Verde,CPV,"Life expectancy at birth, total (years)",SP.DYN.LE00.IN,76.059
Cabo Verde,CPV,"Literacy rate, adult total (% of people ages 15 and above)",SE.ADT.LITR.ZS,..
Cabo Verde,CPV,"Government expenditure on education, total (% of GDP)",SE.XPD.TOTL.GD.ZS,4.3482854136693
Cabo Verde,CPV,"Population, total",SP.POP.TOTL,522331
Cambodia,KHM,Access to electricity (% of population),EG.ELC.ACCS.ZS,95
Cambodia,KHM,Urban population (% of total population),SP.URB.TOTL.IN.ZS,40.6290788072508
Cambodia,KHM,Food imports (% of merchandise imports),TM.VAL.FOOD.ZS.UN,8.5184168292817
Cambodia,KHM,Food exports (% of merchandise exports),TX.VAL.FOOD.ZS.UN,7.81289675407201
Cambodia,KHM,"GDP per capita, PPP (current international $)",NY.GDP.PCAP.PP.CD,7430.73085709837
Cambodia,KHM,"Life expectancy at birth, total (years)",SP.DYN.LE00.IN,70.668
Cambodia,KHM,"Literacy rate, adult total (% of people ages 15 and above)",SE.ADT.LITR.ZS,..
Cambodia,KHM,"Government expenditure on education, total (% of GDP)",SE.XPD.TOTL.GD.ZS,2.1809128340295
Cambodia,KHM,"Population, total",SP.POP.TOTL,17423880
Cameroon,CMR,Access to electricity (% of population),EG.ELC.ACCS.ZS,72
Cameroon,CMR,Urban population (% of total population),SP.URB.TOTL.IN.ZS,55.1286878511388
Cameroon,CMR,Food imports (% of merchandise imports),TM.VAL.FOOD.ZS.UN,21.7495498286128
Cameroon,CMR,Food exports (% of merchandise exports),TX.VAL.FOOD.ZS.UN,22.8464876533836
Cameroon,CMR,"GDP per capita, PPP (current international $)",NY.GDP.PCAP.PP.CD,5410.76921937642
Cameroon,CMR,"Life expectancy at birth, total (years)",SP.DYN.LE00.IN,63.7
Cameroon,CMR,"Literacy rate, adult total (% of people ages 15 and above)",SE.ADT.LITR.ZS,..
Cameroon,CMR,"Government expenditure on education, total (% of GDP)",SE.XPD.TOTL.GD.ZS,2.83907623667935
Cameroon,CMR,"Population, total",SP.POP.TOTL,28372687
Canada,CAN,Access to electricity (% of population),EG.ELC.ACCS.ZS,100
Canada,CAN,Urban population (% of total population),SP.URB.TOTL.IN.ZS,82.5250564408346
Canada,CAN,Food imports (% of merchandise imports),TM.VAL.FOOD.ZS.UN,8.46189467887988
Canada,CAN,Food exports (% of merchandise exports),TX.VAL.FOOD.ZS.UN,12.8027235232881
Canada,CAN,"GDP per capita, PPP (current international $)",NY.GDP.PCAP.PP.CD,64219.3173928637
Canada,CAN,"Life expectancy at birth, total (years)",SP.DYN.LE00.IN,81.6465853658537
Canada,CAN,"Literacy rate, adult total (% of people ages 15 and above)",SE.ADT.LITR.ZS,..
Canada,CAN,"Government expenditure on education, total (% of GDP)",SE.XPD.TOTL.GD.ZS,..
Canada,CAN,"Population, total",SP.POP.TOTL,40083484
Cayman Islands,CYM,Access to electricity (% of population),EG.ELC.ACCS.ZS,100
Cayman Islands,CYM,Urban population (% of total population),SP.URB.TOTL.IN.ZS,100
Cayman Islands,CYM,Food imports (% of merchandise imports),TM.VAL.FOOD.ZS.UN,21.2473874876978
Cayman Islands,CYM,Food exports (% of merchandise exports),TX.VAL.FOOD.ZS.UN,7.84611267458966
Cayman Islands,CYM,"GDP per capita, PPP (current international $)",NY.GDP.PCAP.PP.CD,88427.7866712691
Cayman Islands,CYM,"Life expectancy at birth, total (years)",SP.DYN.LE00.IN,80.358
Cayman Islands,CYM,"Literacy rate, adult total (% of people ages 15 and above)",SE.ADT.LITR.ZS,..
Cayman Islands,CYM,"Government expenditure on education, total (% of GDP)",SE.XPD.TOTL.GD.ZS,1.57024002075195
Cayman Islands,CYM,"Population, total",SP.POP.TOTL,73038
Central African Republic,CAF,Access to electricity (% of population),EG.ELC.ACCS.ZS,17.6
Central African Republic,CAF,Urban population (% of total population),SP.URB.TOTL.IN.ZS,43.6983692134165
Central African Republic,CAF,Food imports (% of merchandise imports),TM.VAL.FOOD.ZS.UN,18.5071342295585
Central African Republic,CAF,Food exports (% of merchandise exports),TX.VAL.FOOD.ZS.UN,1.35240099123738
Central African Republic,CAF,"GDP per capita, PPP (current international $)",NY.GDP.PCAP.PP.CD,1257.09435717114
Central African Republic,CAF,"Life expectancy at birth, total (years)",SP.DYN.LE00.IN,57.408
Central African Republic,CAF,"Literacy rate, adult total (% of people ages 15 and above)",SE.ADT.LITR.ZS,..
Central African Republic,CAF,"Government expenditure on education, total (% of GDP)",SE.XPD.TOTL.GD.ZS,1.82995911310419
Central African Republic,CAF,"Population, total",SP.POP.TOTL,5152421
Chad,TCD,Access to electricity (% of population),EG.ELC.ACCS.ZS,12
Chad,TCD,Urban population (% of total population),SP.URB.TOTL.IN.ZS,26.3305395171046
Chad,TCD,Food imports (% of merchandise imports),TM.VAL.FOOD.ZS.UN,..
Chad,TCD,Food exports (% of merchandise exports),TX.VAL.FOOD.ZS.UN,..
Chad,TCD,"GDP per capita, PPP (current international $)",NY.GDP.PCAP.PP.CD,2700.36055335878
Chad,TCD,"Life expectancy at birth, total (years)",SP.DYN.LE00.IN,55.069
Chad,TCD,"Literacy rate, adult total (% of people ages 15 and above)",SE.ADT.LITR.ZS,..
Chad,TCD,"Government expenditure on education, total (% of GDP)",SE.XPD.TOTL.GD.ZS,3.20149725837724
Chad,TCD,"Population, total",SP.POP.TOTL,19319064
Channel Islands,CHI,Access to electricity (% of population),EG.ELC.ACCS.ZS,100
Channel Islands,CHI,Urban population (% of total population),SP.URB.TOTL.IN.ZS,32.7554337975051
Channel Islands,CHI,Food imports (% of merchandise imports),TM.VAL.FOOD.ZS.UN,..
Channel Islands,CHI,Food exports (% of merchandise exports),TX.VAL.FOOD.ZS.UN,..
Channel Islands,CHI,"GDP per capita, PPP (current international $)",NY.GDP.PCAP.PP.CD,..
Channel Islands,CHI,"Life expectancy at birth, total (years)",SP.DYN.LE00.IN,81.1
Channel Islands,CHI,"Literacy rate, adult total (% of people ages 15 and above)",SE.ADT.LITR.ZS,..
Channel Islands,CHI,"Government expenditure on education, total (% of GDP)",SE.XPD.TOTL.GD.ZS,..
Channel Islands,CHI,"Population, total",SP.POP.TOTL,167691
Chile,CHL,Access to electricity (% of population),EG.ELC.ACCS.ZS,100
Chile,CHL,Urban population (% of total population),SP.URB.TOTL.IN.ZS,88.8158617217972
Chile,CHL,Food imports (% of merchandise imports),TM.VAL.FOOD.ZS.UN,11.8966755276116
Chile,CHL,Food exports (% of merchandise exports),TX.VAL.FOOD.ZS.UN,22.1865500856767
Chile,CHL,"GDP per capita, PPP (current international $)",NY.GDP.PCAP.PP.CD,33145.403552025
Chile,CHL,"Life expectancy at birth, total (years)",SP.DYN.LE00.IN,81.167
Chile,CHL,"Literacy rate, adult total (% of people ages 15 and above)",SE.ADT.LITR.ZS,..
Chile,CHL,"Government expenditure on education, total (% of GDP)",SE.XPD.TOTL.GD.ZS,..
Chile,CHL,"Population, total",SP.POP.TOTL,19658835
China,CHN,Access to electricity (% of population),EG.ELC.ACCS.ZS,100
China,CHN,Urban population (% of total population),SP.URB.TOTL.IN.ZS,65.5301448035523
China,CHN,Food imports (% of merchandise imports),TM.VAL.FOOD.ZS.UN,8.98411591719164
China,CHN,Food exports (% of merchandise exports),TX.VAL.FOOD.ZS.UN,2.45628079906291
China,CHN,"GDP per capita, PPP (current international $)",NY.GDP.PCAP.PP.CD,25179.1193066383
China,CHN,"Life expectancy at birth, total (years)",SP.DYN.LE00.IN,77.953
China,CHN,"Literacy rate, adult total (% of people ages 15 and above)",SE.ADT.LITR.ZS,..
China,CHN,"Government expenditure on education, total (% of GDP)",SE.XPD.TOTL.GD.ZS,4.00127983093262
China,CHN,"Population, total",SP.POP.TOTL,1410710000
Colombia,COL,Access to electricity (% of population),EG.ELC.ACCS.ZS,98.7
Colombia,COL,Urban population (% of total population),SP.URB.TOTL.IN.ZS,78.275571579544
Colombia,COL,Food imports (% of merchandise imports),TM.VAL.FOOD.ZS.UN,14.4323873930124
Colombia,COL,Food exports (% of merchandise exports),TX.VAL.FOOD.ZS.UN,15.7216530157287
Colombia,COL,"GDP per capita, PPP (current international $)",NY.GDP.PCAP.PP.CD,21246.3762695201
Colombia,COL,"Life expectancy at birth, total (years)",SP.DYN.LE00.IN,77.725
Colombia,COL,"Literacy rate, adult total (% of people ages 15 and above)",SE.ADT.LITR.ZS,95.4625553716428
Colombia,COL,"Government expenditure on education, total (% of GDP)",SE.XPD.TOTL.GD.ZS,..
Colombia,COL,"Population, total",SP.POP.TOTL,52321152
Comoros,COM,Access to electricity (% of population),EG.ELC.ACCS.ZS,89.8
Comoros,COM,Urban population (% of total population),SP.URB.TOTL.IN.ZS,33.1502180946901
Comoros,COM,Food imports (% of merchandise imports),TM.VAL.FOOD.ZS.UN,42.0679880779038
Comoros,COM,Food exports (% of merchandise exports),TX.VAL.FOOD.ZS.UN,88.5424530520686
Comoros,COM,"GDP per capita, PPP (current international $)",NY.GDP.PCAP.PP.CD,3811.65084882413
Comoros,COM,"Life expectancy at birth, total (years)",SP.DYN.LE00.IN,66.777
Comoros,COM,"Literacy rate, adult total (% of people ages 15 and above)",SE.ADT.LITR.ZS,..
Comoros,COM,"Government expenditure on education, total (% of GDP)",SE.XPD.TOTL.GD.ZS,2.34146896682989
Comoros,COM,"Population, total",SP.POP.TOTL,850387
"Congo, Dem. Rep.",COD,Access to electricity (% of population),EG.ELC.ACCS.ZS,22.1
"Congo, Dem. Rep.",COD,Urban population (% of total population),SP.URB.TOTL.IN.ZS,44.3754734892194
"Congo, Dem. Rep.",COD,Food imports (% of merchandise imports),TM.VAL.FOOD.ZS.UN,4.76738036029683
"Congo, Dem. Rep.",COD,Food exports (% of merchandise exports),TX.VAL.FOOD.ZS.UN,0.631252576879563
"Congo, Dem. Rep.",COD,"GDP per capita, PPP (current international $)",NY.GDP.PCAP.PP.CD,1730.62228877694
"Congo, Dem. Rep.",COD,"Life expectancy at birth, total (years)",SP.DYN.LE00.IN,61.895
"Congo, Dem. Rep.",COD,"Literacy rate, adult total (% of people ages 15 and above)",SE.ADT.LITR.ZS,..
"Congo, Dem. Rep.",COD,"Government expenditure on education, total (% of GDP)",SE.XPD.TOTL.GD.ZS,..
"Congo, Dem. Rep.",COD,"Population, total",SP.POP.TOTL,105789731
"Congo, Rep.",COG,Access to electricity (% of population),EG.ELC.ACCS.ZS,51.3
"Congo, Rep.",COG,Urban population (% of total population),SP.URB.TOTL.IN.ZS,63.6626757615625
"Congo, Rep.",COG,Food imports (% of merchandise imports),TM.VAL.FOOD.ZS.UN,21.2405849167454
"Congo, Rep.",COG,Food exports (% of merchandise exports),TX.VAL.FOOD.ZS.UN,0.173192941619293
"Congo, Rep.",COG,"GDP per capita, PPP (current international $)",NY.GDP.PCAP.PP.CD,6850.27770621099
"Congo, Rep.",COG,"Life expectancy at birth, total (years)",SP.DYN.LE00.IN,65.772
"Congo, Rep.",COG,"Literacy rate, adult total (% of people ages 15 and above)",SE.ADT.LITR.ZS,..
"Congo, Rep.",COG,"Government expenditure on education, total (% of GDP)",SE.XPD.TOTL.GD.ZS,3.34005209256916
"Congo, Rep.",COG,"Population, total",SP.POP.TOTL,6182885
Costa Rica,CRI,Access to electricity (% of population),EG.ELC.ACCS.ZS,100
Costa Rica,CRI,Urban population (% of total population),SP.URB.TOTL.IN.ZS,78.8819393641702
Costa Rica,CRI,Food imports (% of merchandise imports),TM.VAL.FOOD.ZS.UN,13.3217397162158
Costa Rica,CRI,Food exports (% of merchandise exports),TX.VAL.FOOD.ZS.UN,32.790841827007
Costa Rica,CRI,"GDP per capita, PPP (current international $)",NY.GDP.PCAP.PP.CD,28908.7688743191
Costa Rica,CRI,"Life expectancy at birth, total (years)",SP.DYN.LE00.IN,80.799
Costa Rica,CRI,"Literacy rate, adult total (% of people ages 15 and above)",SE.ADT.LITR.ZS,..
Costa Rica,CRI,"Government expenditure on education, total (% of GDP)",SE.XPD.TOTL.GD.ZS,..
Costa Rica,CRI,"Population, total",SP.POP.TOTL,5105525
Cote d'Ivoire,CIV,Access to electricity (% of population),EG.ELC.ACCS.ZS,72.4
Cote d'Ivoire,CIV,Urban population (% of total population),SP.URB.TOTL.IN.ZS,53.4075201638704
Cote d'Ivoire,CIV,Food imports (% of merchandise imports),TM.VAL.FOOD.ZS.UN,16.8590606859451
Cote d'Ivoire,CIV,Food exports (% of merchandise exports),TX.VAL.FOOD.ZS.UN,44.2799487358773
Cote d'Ivoire,CIV,"GDP per capita, PPP (current international $)",NY.GDP.PCAP.PP.CD,7237.18170740909
Cote d'Ivoire,CIV,"Life expectancy at birth, total (years)",SP.DYN.LE00.IN,61.944
Cote d'Ivoire,CIV,"Literacy rate, adult total (% of people ages 15 and above)",SE.ADT.LITR.ZS,..
Cote d'Ivoire,CIV,"Government expenditure on education, total (% of GDP)",SE.XPD.TOTL.GD.ZS,3.42617011070252
Cote d'Ivoire,CIV,"Population, total",SP.POP.TOTL,31165654
Croatia,HRV,Access to electricity (% of population),EG.ELC.ACCS.ZS,100
Croatia,HRV,Urban population (% of total population),SP.URB.TOTL.IN.ZS,57.2431560672198
Croatia,HRV,Food imports (% of merchandise imports),TM.VAL.FOOD.ZS.UN,13.9255559042201
Croatia,HRV,Food exports (% of merchandise exports),TX.VAL.FOOD.ZS.UN,15.9899527077402
Croatia,HRV,"GDP per capita, PPP (current international $)",NY.GDP.PCAP.PP.CD,47759.6982995339
Croatia,HRV,"Life expectancy at birth, total (years)",SP.DYN.LE00.IN,78.4731707317073
Croatia,HRV,"Literacy rate, adult total (% of people ages 15 and above)",SE.ADT.LITR.ZS,..
Croatia,HRV,"Government expenditure on education, total (% of GDP)",SE.XPD.TOTL.GD.ZS,..
Croatia,HRV,"Population, total",SP.POP.TOTL,3859686
Cuba,CUB,Access to electricity (% of population),EG.ELC.ACCS.ZS,100
Cuba,CUB,Urban population (% of total population),SP.URB.TOTL.IN.ZS,77.1259872296321
Cuba,CUB,Food imports (% of merchandise imports),TM.VAL.FOOD.ZS.UN,..
Cuba,CUB,Food exports (% of merchandise exports),TX.VAL.FOOD.ZS.UN,..
Cuba,CUB,"GDP per capita, PPP (current international $)",NY.GDP.PCAP.PP.CD,..
Cuba,CUB,"Life expectancy at birth, total (years)",SP.DYN.LE00.IN,78.085
Cuba,CUB,"Literacy rate, adult total (% of people ages 15 and above)",SE.ADT.LITR.ZS,..
Cuba,CUB,"Government expenditure on education, total (% of GDP)",SE.XPD.TOTL.GD.ZS,..
Cuba,CUB,"Population, total",SP.POP.TOTL,11019931
Curacao,CUW,Access to electricity (% of population),EG.ELC.ACCS.ZS,100
Curacao,CUW,Urban population (% of total population),SP.URB.TOTL.IN.ZS,91.4080929292235
Curacao,CUW,Food imports (% of merchandise imports),TM.VAL.FOOD.ZS.UN,..
Curacao,CUW,Food exports (% of merchandise exports),TX.VAL.FOOD.ZS.UN,..
Curacao,CUW,"GDP per capita, PPP (current international $)",NY.GDP.PCAP.PP.CD,30651.5885510423
Curacao,CUW,"Life expectancy at birth, total (years)",SP.DYN.LE00.IN,76.8
Curacao,CUW,"Literacy rate, adult total (% of people ages 15 and above)",SE.ADT.LITR.ZS,..
Curacao,CUW,"Government expenditure on education, total (% of GDP)",SE.XPD.TOTL.GD.ZS,5.30074159005788
Curacao,CUW,"Population, total",SP.POP.TOTL,154654
Cyprus,CYP,Access to electricity (% of population),EG.ELC.ACCS.ZS,100
Cyprus,CYP,Urban population (% of total population),SP.URB.TOTL.IN.ZS,66.6739477522639
Cyprus,CYP,Food imports (% of merchandise imports),TM.VAL.FOOD.ZS.UN,13.7883761063365
Cyprus,CYP,Food exports (% of merchandise exports),TX.VAL.FOOD.ZS.UN,21.4166383566941
Cyprus,CYP,"GDP per capita, PPP (current international $)",NY.GDP.PCAP.PP.CD,59874.5703125
Cyprus,CYP,"Life expectancy at birth, total (years)",SP.DYN.LE00.IN,81.648
Cyprus,CYP,"Literacy rate, adult total (% of people ages 15 and above)",SE.ADT.LITR.ZS,..
Cyprus,CYP,"Government expenditure on education, total (% of GDP)",SE.XPD.TOTL.GD.ZS,..
Cyprus,CYP,"Population, total",SP.POP.TOTL,1344976
Czechia,CZE,Access to electricity (% of population),EG.ELC.ACCS.ZS,100
Czechia,CZE,Urban population (% of total population),SP.URB.TOTL.IN.ZS,72.7352388396817
Czechia,CZE,Food imports (% of merchandise imports),TM.VAL.FOOD.ZS.UN,6.34988888247925
Czechia,CZE,Food exports (% of merchandise exports),TX.VAL.FOOD.ZS.UN,5.28727634076273
Czechia,CZE,"GDP per capita, PPP (current international $)",NY.GDP.PCAP.PP.CD,55761.3798291375
Czechia,CZE,"Life expectancy at birth, total (years)",SP.DYN.LE00.IN,79.8780487804878
Czechia,CZE,"Literacy rate, adult total (% of people ages 15 and above)",SE.ADT.LITR.ZS,..
Czechia,CZE,"Government expenditure on education, total (% of GDP)",SE.XPD.TOTL.GD.ZS,..
Czechia,CZE,"Population, total",SP.POP.TOTL,10864042
Denmark,DNK,Access to electricity (% of population),EG.ELC.ACCS.ZS,100
Denmark,DNK,Urban population (% of total population),SP.URB.TOTL.IN.ZS,88.552638542867
Denmark,DNK,Food imports (% of merchandise imports),TM.VAL.FOOD.ZS.UN,14.3122840682596
Denmark,DNK,Food exports (% of merchandise exports),TX.VAL.FOOD.ZS.UN,18.0143792178322
Denmark,DNK,"GDP per capita, PPP (current international $)",NY.GDP.PCAP.PP.CD,77892.2932609904
Denmark,DNK,"Life expectancy at birth, total (years)",SP.DYN.LE00.IN,81.8536585365854
Denmark,DNK,"Literacy rate, adult total (% of people ages 15 and above)",SE.ADT.LITR.ZS,..
Denmark,DNK,"Government expenditure on education, total (% of GDP)",SE.XPD.TOTL.GD.ZS,..
Denmark,DNK,"Population, total",SP.POP.TOTL,5946952
Djibouti,DJI,Access to electricity (% of population),EG.ELC.ACCS.ZS,65.2
Djibouti,DJI,Urban population (% of total population),SP.URB.TOTL.IN.ZS,72.8408245988921
Djibouti,DJI,Food imports (% of merchandise imports),TM.VAL.FOOD.ZS.UN,38.5612340185621
Djibouti,DJI,Food exports (% of merchandise exports),TX.VAL.FOOD.ZS.UN,41.4702982972354
Djibouti,DJI,"GDP per capita, PPP (current international $)",NY.GDP.PCAP.PP.CD,7225.8387957249
Djibouti,DJI,"Life expectancy at birth, total (years)",SP.DYN.LE00.IN,65.987
Djibouti,DJI,"Literacy rate, adult total (% of people ages 15 and above)",SE.ADT.LITR.ZS,..
Djibouti,DJI,"Government expenditure on education, total (% of GDP)",SE.XPD.TOTL.GD.ZS,..
Djibouti,DJI,"Population, total",SP.POP.TOTL,1152944
Dominica,DMA,Access to electricity (% of population),EG.ELC.ACCS.ZS,100
Dominica,DMA,Urban population (% of total population),SP.URB.TOTL.IN.ZS,73.1105011438027
Dominica,DMA,Food imports (% of merchandise imports),TM.VAL.FOOD.ZS.UN,25.1599497894216
Dominica,DMA,Food exports (% of merchandise exports),TX.VAL.FOOD.ZS.UN,41.2177443026409
Dominica,DMA,"GDP per capita, PPP (current international $)",NY.GDP.PCAP.PP.CD,20285.9821663707
Dominica,DMA,"Life expectancy at birth, total (years)",SP.DYN.LE00.IN,71.132
Dominica,DMA,"Literacy rate, adult total (% of people ages 15 and above)",SE.ADT.LITR.ZS,..
Dominica,DMA,"Government expenditure on education, total (% of GDP)",SE.XPD.TOTL.GD.ZS,4.69423746286593
Dominica,DMA,"Population, total",SP.POP.TOTL,66510
Dominican Republic,DOM,Access to electricity (% of population),EG.ELC.ACCS.ZS,99.6
Dominican Republic,DOM,Urban population (% of total population),SP.URB.TOTL.IN.ZS,72.3577991823338
Dominican Republic,DOM,Food imports (% of merchandise imports),TM.VAL.FOOD.ZS.UN,17.1912167437314
Dominican Republic,DOM,Food exports (% of merchandise exports),TX.VAL.FOOD.ZS.UN,23.1304958056263
Dominican Republic,DOM,"GDP per capita, PPP (current international $)",NY.GDP.PCAP.PP.CD,25839.9356687607
Dominican Republic,DOM,"Life expectancy at birth, total (years)",SP.DYN.LE00.IN,73.72
Dominican Republic,DOM,"Literacy rate, adult total (% of people ages 15 and above)",SE.ADT.LITR.ZS,94.3123758236054
Dominican Republic,DOM,"Government expenditure on education, total (% of GDP)",SE.XPD.TOTL.GD.ZS,3.7606477375256
Dominican Republic,DOM,"Population, total",SP.POP.TOTL,11331265
Ecuador,ECU,Access to electricity (% of population),EG.ELC.ACCS.ZS,98.7
Ecuador,ECU,Urban population (% of total population),SP.URB.TOTL.IN.ZS,63.1307729554263
Ecuador,ECU,Food imports (% of merchandise imports),TM.VAL.FOOD.ZS.UN,13.0250450479146
Ecuador,ECU,Food exports (% of merchandise exports),TX.VAL.FOOD.ZS.UN,50.6682635226331
Ecuador,ECU,"GDP per capita, PPP (current international $)",NY.GDP.PCAP.PP.CD,15918.5162948773
Ecuador,ECU,"Life expectancy at birth, total (years)",SP.DYN.LE00.IN,77.392
Ecuador,ECU,"Literacy rate, adult total (% of people ages 15 and above)",SE.ADT.LITR.ZS,..
Ecuador,ECU,"Government expenditure on education, total (% of GDP)",SE.XPD.TOTL.GD.ZS,3.89365005493164
Ecuador,ECU,"Population, total",SP.POP.TOTL,17980083
"Egypt, Arab Rep.",EGY,Access to electricity (% of population),EG.ELC.ACCS.ZS,100
"Egypt, Arab Rep.",EGY,Urban population (% of total population),SP.URB.TOTL.IN.ZS,42.7098115041919
"Egypt, Arab Rep.",EGY,Food imports (% of merchandise imports),TM.VAL.FOOD.ZS.UN,21.6972770278526
"Egypt, Arab Rep.",EGY,Food exports (% of merchandise exports),TX.VAL.FOOD.ZS.UN,19.8805835620573
"Egypt, Arab Rep.",EGY,"GDP per capita, PPP (current international $)",NY.GDP.PCAP.PP.CD,18524.8392997937
"Egypt, Arab Rep.",EGY,"Life expectancy at birth, total (years)",SP.DYN.LE00.IN,71.633
"Egypt, Arab Rep.",EGY,"Literacy rate, adult total (% of people ages 15 and above)",SE.ADT.LITR.ZS,..
"Egypt, Arab Rep.",EGY,"Government expenditure on education, total (% of GDP)",SE.XPD.TOTL.GD.ZS,..
"Egypt, Arab Rep.",EGY,"Population, total",SP.POP.TOTL,114535772
El Salvador,SLV,Access to electricity (% of population),EG.ELC.ACCS.ZS,98.3
El Salvador,SLV,Urban population (% of total population),SP.URB.TOTL.IN.ZS,74.6080675149903
El Salvador,SLV,Food imports (% of merchandise imports),TM.VAL.FOOD.ZS.UN,19.8963644879181
El Salvador,SLV,Food exports (% of merchandise exports),TX.VAL.FOOD.ZS.UN,21.6148994457441
El Salvador,SLV,"GDP per capita, PPP (current international $)",NY.GDP.PCAP.PP.CD,12679.5768752061
El Salvador,SLV,"Life expectancy at birth, total (years)",SP.DYN.LE00.IN,72.099
El Salvador,SLV,"Literacy rate, adult total (% of people ages 15 and above)",SE.ADT.LITR.ZS,89.8499984741211
El Salvador,SLV,"Government expenditure on education, total (% of GDP)",SE.XPD.TOTL.GD.ZS,3.17218995094299
El Salvador,SLV,"Population, total",SP.POP.TOTL,6309624
Equatorial Guinea,GNQ,Access to electricity (% of population),EG.ELC.ACCS.ZS,66.9
Equatorial Guinea,GNQ,Urban population (% of total population),SP.URB.TOTL.IN.ZS,71.1290664883517
Equatorial Guinea,GNQ,Food imports (% of merchandise imports),TM.VAL.FOOD.ZS.UN,..
Equatorial Guinea,GNQ,Food exports (% of merchandise exports),TX.VAL.FOOD.ZS.UN,..
Equatorial Guinea,GNQ,"GDP per capita, PPP (current international $)",NY.GDP.PCAP.PP.CD,17411.500234384
Equatorial Guinea,GNQ,"Life expectancy at birth, total (years)",SP.DYN.LE00.IN,63.707
Equatorial Guinea,GNQ,"Literacy rate, adult total (% of people ages 15 and above)",SE.ADT.LITR.ZS,..
Equatorial Guinea,GNQ,"Government expenditure on education, total (% of GDP)",SE.XPD.TOTL.GD.ZS,..
Equatorial Guinea,GNQ,"Population, total",SP.POP.TOTL,1847549
Eritrea,ERI,Access to electricity (% of population),EG.ELC.ACCS.ZS,54.4
Eritrea,ERI,Urban population (% of total population),SP.URB.TOTL.IN.ZS,34.696403503418
Eritrea,ERI,Food imports (% of merchandise imports),TM.VAL.FOOD.ZS.UN,..
Eritrea,ERI,Food exports (% of merchandise exports),TX.VAL.FOOD.ZS.UN,..
Eritrea,ERI,"GDP per capita, PPP (current international $)",NY.GDP.PCAP.PP.CD,..
Eritrea,ERI,"Life expectancy at birth, total (years)",SP.DYN.LE00.IN,68.624
Eritrea,ERI,"Literacy rate, adult total (% of people ages 15 and above)",SE.ADT.LITR.ZS,..
Eritrea,ERI,"Government expenditure on education, total (% of GDP)",SE.XPD.TOTL.GD.ZS,..
Eritrea,ERI,"Population, total",SP.POP.TOTL,3470390
Estonia,EST,Access to electricity (% of population),EG.ELC.ACCS.ZS,100
Estonia,EST,Urban population (% of total population),SP.URB.TOTL.IN.ZS,70.6770085523126
Estonia,EST,Food imports (% of merchandise imports),TM.VAL.FOOD.ZS.UN,12.5542772482861
Estonia,EST,Food exports (% of merchandise exports),TX.VAL.FOOD.ZS.UN,11.6672788567089
Estonia,EST,"GDP per capita, PPP (current international $)",NY.GDP.PCAP.PP.CD,48637.1802208795
Estonia,EST,"Life expectancy at birth, total (years)",SP.DYN.LE00.IN,78.490243902439
Estonia,EST,"Literacy rate, adult total (% of people ages 15 and above)",SE.ADT.LITR.ZS,..
Estonia,EST,"Government expenditure on education, total (% of GDP)",SE.XPD.TOTL.GD.ZS,..
Estonia,EST,"Population, total",SP.POP.TOTL,1370286
Eswatini,SWZ,Access to electricity (% of population),EG.ELC.ACCS.ZS,86.4
Eswatini,SWZ,Urban population (% of total population),SP.URB.TOTL.IN.ZS,25.8081878500755
Eswatini,SWZ,Food imports (% of merchandise imports),TM.VAL.FOOD.ZS.UN,19.5826390405392
Eswatini,SWZ,Food exports (% of merchandise exports),TX.VAL.FOOD.ZS.UN,29.6977974071694
Eswatini,SWZ,"GDP per capita, PPP (current international $)",NY.GDP.PCAP.PP.CD,11299.8831236788
Eswatini,SWZ,"Life expectancy at birth, total (years)",SP.DYN.LE00.IN,64.123
Eswatini,SWZ,"Literacy rate, adult total (% of people ages 15 and above)",SE.ADT.LITR.ZS,..
Eswatini,SWZ,"Government expenditure on education, total (% of GDP)",SE.XPD.TOTL.GD.ZS,5.00431592836751
Eswatini,SWZ,"Population, total",SP.POP.TOTL,1230506
Ethiopia,ETH,Access to electricity (% of population),EG.ELC.ACCS.ZS,55.4
Ethiopia,ETH,Urban population (% of total population),SP.URB.TOTL.IN.ZS,23.0586471557617
Ethiopia,ETH,Food imports (% of merchandise imports),TM.VAL.FOOD.ZS.UN,13.8401468775133
Ethiopia,ETH,Food exports (% of merchandise exports),TX.VAL.FOOD.ZS.UN,80.3857509910765
Ethiopia,ETH,"GDP per capita, PPP (current international $)",NY.GDP.PCAP.PP.CD,3060.9050300376
Ethiopia,ETH,"Life expectancy at birth, total (years)",SP.DYN.LE00.IN,67.315
Ethiopia,ETH,"Literacy rate, adult total (% of people ages 15 and above)",SE.ADT.LITR.ZS,..
Ethiopia,ETH,"Government expenditure on education, total (% of GDP)",SE.XPD.TOTL.GD.ZS,2.9272447768927
Ethiopia,ETH,"Population, total",SP.POP.TOTL,128691692
Faroe Islands,FRO,Access to electricity (% of population),EG.ELC.ACCS.ZS,100
Faroe Islands,FRO,Urban population (% of total population),SP.URB.TOTL.IN.ZS,39.1975270123645
Faroe Islands,FRO,Food imports (% of merchandise imports),TM.VAL.FOOD.ZS.UN,..
Faroe Islands,FRO,Food exports (% of merchandise exports),TX.VAL.FOOD.ZS.UN,..
Faroe Islands,FRO,"GDP per capita, PPP (current international $)",NY.GDP.PCAP.PP.CD,79694.929791758
Faroe Islands,FRO,"Life expectancy at birth, total (years)",SP.DYN.LE00.IN,83.1439024390244
Faroe Islands,FRO,"Literacy rate, adult total (% of people ages 15 and above)",SE.ADT.LITR.ZS,..
Faroe Islands,FRO,"Government expenditure on education, total (% of GDP)",SE.XPD.TOTL.GD.ZS,..
Faroe Islands,FRO,"Population, total",SP.POP.TOTL,54414
Fiji,FJI,Access to electricity (% of population),EG.ELC.ACCS.ZS,99.3
Fiji,FJI,Urban population (% of total population),SP.URB.TOTL.IN.ZS,58.6069049738768
Fiji,FJI,Food imports (% of merchandise imports),TM.VAL.FOOD.ZS.UN,18.9872092117188
Fiji,FJI,Food exports (% of merchandise exports),TX.VAL.FOOD.ZS.UN,68.5366169029673
Fiji,FJI,"GDP per capita, PPP (current international $)",NY.GDP.PCAP.PP.CD,14644.1773754361
Fiji,FJI,"Life expectancy at birth, total (years)",SP.DYN.LE00.IN,67.316
Fiji,FJI,"Literacy rate, adult total (% of people ages 15 and above)",SE.ADT.LITR.ZS,..
Fiji,FJI,"Government expenditure on education, total (% of GDP)",SE.XPD.TOTL.GD.ZS,4.24679790890603
Fiji,FJI,"Population, total",SP.POP.TOTL,924145
Finland,FIN,Access to electricity (% of population),EG.ELC.ACCS.ZS,100
Finland,FIN,Urban population (% of total population),SP.URB.TOTL.IN.ZS,74.0062548602828
Finland,FIN,Food imports (% of merchandise imports),TM.VAL.FOOD.ZS.UN,8.60660307330664
Finland,FIN,Food exports (% of merchandise exports),TX.VAL.FOOD.ZS.UN,2.76291767202959
Finland,FIN,"GDP per capita, PPP (current international $)",NY.GDP.PCAP.PP.CD,63414.9936878177
Finland,FIN,"Life expectancy at birth, total (years)",SP.DYN.LE00.IN,81.6853658536585
Finland,FIN,"Literacy rate, adult total (% of people ages 15 and above)",SE.ADT.LITR.ZS,..
Finland,FIN,"Government expenditure on education, total (% of GDP)",SE.XPD.TOTL.GD.ZS,..
Finland,FIN,"Population, total",SP.POP.TOTL,5583911
France,FRA,Access to electricity (% of population),EG.ELC.ACCS.ZS,100
France,FRA,Urban population (% of total population),SP.URB.TOTL.IN.ZS,78.7804323126547
France,FRA,Food imports (% of merchandise imports),TM.VAL.FOOD.ZS.UN,9.97979852496115
France,FRA,Food exports (% of merchandise exports),TX.VAL.FOOD.ZS.UN,13.1246119527789
France,FRA,"GDP per capita, PPP (current international $)",NY.GDP.PCAP.PP.CD,60838.9416716424
France,FRA,"Life expectancy at birth, total (years)",SP.DYN.LE00.IN,82.9292682926829
France,FRA,"Literacy rate, adult total (% of people ages 15 and above)",SE.ADT.LITR.ZS,..
France,FRA,"Government expenditure on education, total (% of GDP)",SE.XPD.TOTL.GD.ZS,..
France,FRA,"Population, total",SP.POP.TOTL,68372286
French Polynesia,PYF,Access to electricity (% of population),EG.ELC.ACCS.ZS,100
French Polynesia,PYF,Urban population (% of total population),SP.URB.TOTL.IN.ZS,61.6967135028569
French Polynesia,PYF,Food imports (% of merchandise imports),TM.VAL.FOOD.ZS.UN,15.5080330402502
French Polynesia,PYF,Food exports (% of merchandise exports),TX.VAL.FOOD.ZS.UN,10.21432126211
French Polynesia,PYF,"GDP per capita, PPP (current international $)",NY.GDP.PCAP.PP.CD,..
French Polynesia,PYF,"Life expectancy at birth, total (years)",SP.DYN.LE00.IN,84.07
French Polynesia,PYF,"Literacy rate, adult total (% of people ages 15 and above)",SE.ADT.LITR.ZS,..
French Polynesia,PYF,"Government expenditure on education, total (% of GDP)",SE.XPD.TOTL.GD.ZS,..
French Polynesia,PYF,"Population, total",SP.POP.TOTL,281118
Gabon,GAB,Access to electricity (% of population),EG.ELC.ACCS.ZS,94.1
Gabon,GAB,Urban population (% of total population),SP.URB.TOTL.IN.ZS,91.6375962797313
Gabon,GAB,Food imports (% of merchandise imports),TM.VAL.FOOD.ZS.UN,15.715777594256
Gabon,GAB,Food exports (% of merchandise exports),TX.VAL.FOOD.ZS.UN,0.94233636066199
Gabon,GAB,"GDP per capita, PPP (current international $)",NY.GDP.PCAP.PP.CD,20755.665381766
Gabon,GAB,"Life expectancy at birth, total (years)",SP.DYN.LE00.IN,68.337
Gabon,GAB,"Literacy rate, adult total (% of people ages 15 and above)",SE.ADT.LITR.ZS,..
Gabon,GAB,"Government expenditure on education, total (% of GDP)",SE.XPD.TOTL.GD.ZS,2.31594287726056
Gabon,GAB,"Population, total",SP.POP.TOTL,2484789
"Gambia, The",GMB,Access to electricity (% of population),EG.ELC.ACCS.ZS,66.9
"Gambia, The",GMB,Urban population (% of total population),SP.URB.TOTL.IN.ZS,63.8020182456108
"Gambia, The",GMB,Food imports (% of merchandise imports),TM.VAL.FOOD.ZS.UN,7.30686278959141
"Gambia, The",GMB,Food exports (% of merchandise exports),TX.VAL.FOOD.ZS.UN,75.2939759717388
"Gambia, The",GMB,"GDP per capita, PPP (current international $)",NY.GDP.PCAP.PP.CD,3289.13283057107
"Gambia, The",GMB,"Life expectancy at birth, total (years)",SP.DYN.LE00.IN,65.86
"Gambia, The",GMB,"Literacy rate, adult total (% of people ages 15 and above)",SE.ADT.LITR.ZS,..
"Gambia, The",GMB,"Government expenditure on education, total (% of GDP)",SE.XPD.TOTL.GD.ZS,2.80838156544977
"Gambia, The",GMB,"Population, total",SP.POP.TOTL,2697845
Georgia,GEO,Access to electricity (% of population),EG.ELC.ACCS.ZS,100
Georgia,GEO,Urban population (% of total population),SP.URB.TOTL.IN.ZS,60.7523077799724
Georgia,GEO,Food imports (% of merchandise imports),TM.VAL.FOOD.ZS.UN,12.4206920599197
Georgia,GEO,Food exports (% of merchandise exports),TX.VAL.FOOD.ZS.UN,40.3266864279385
Georgia,GEO,"GDP per capita, PPP (current international $)",NY.GDP.PCAP.PP.CD,25071.9677264107
Georgia,GEO,"Life expectancy at birth, total (years)",SP.DYN.LE00.IN,74.496
Georgia,GEO,"Literacy rate, adult total (% of people ages 15 and above)",SE.ADT.LITR.ZS,99.5599975585938
Georgia,GEO,"Government expenditure on education, total (% of GDP)",SE.XPD.TOTL.GD.ZS,3.70918011665344
Georgia,GEO,"Population, total",SP.POP.TOTL,3715483
Germany,DEU,Access to electricity (% of population),EG.ELC.ACCS.ZS,100
Germany,DEU,Urban population (% of total population),SP.URB.TOTL.IN.ZS,81.9034366692129
Germany,DEU,Food imports (% of merchandise imports),TM.VAL.FOOD.ZS.UN,8.39736226374845
Germany,DEU,Food exports (% of merchandise exports),TX.VAL.FOOD.ZS.UN,5.98632344026706
Germany,DEU,"GDP per capita, PPP (current international $)",NY.GDP.PCAP.PP.CD,71684.0311875583
Germany,DEU,"Life expectancy at birth, total (years)",SP.DYN.LE00.IN,80.5414634146342
Germany,DEU,"Literacy rate, adult total (% of people ages 15 and above)",SE.ADT.LITR.ZS,..
Germany,DEU,"Government expenditure on education, total (% of GDP)",SE.XPD.TOTL.GD.ZS,..
Germany,DEU,"Population, total",SP.POP.TOTL,83287273
Ghana,GHA,Access to electricity (% of population),EG.ELC.ACCS.ZS,89.5
Ghana,GHA,Urban population (% of total population),SP.URB.TOTL.IN.ZS,57.8074737774654
Ghana,GHA,Food imports (% of merchandise imports),TM.VAL.FOOD.ZS.UN,13.69452189875
Ghana,GHA,Food exports (% of merchandise exports),TX.VAL.FOOD.ZS.UN,18.0590476821292
Ghana,GHA,"GDP per capita, PPP (current international $)",NY.GDP.PCAP.PP.CD,7556.41605453234
Ghana,GHA,"Life expectancy at birth, total (years)",SP.DYN.LE00.IN,65.498
Ghana,GHA,"Literacy rate, adult total (% of people ages 15 and above)",SE.ADT.LITR.ZS,..
Ghana,GHA,"Government expenditure on education, total (% of GDP)",SE.XPD.TOTL.GD.ZS,..
Ghana,GHA,"Population, total",SP.POP.TOTL,33787914
Gibraltar,GIB,Access to electricity (% of population),EG.ELC.ACCS.ZS,100
Gibraltar,GIB,Urban population (% of total population),SP.URB.TOTL.IN.ZS,100
Gibraltar,GIB,Food imports (% of merchandise imports),TM.VAL.FOOD.ZS.UN,..
Gibraltar,GIB,Food exports (% of merchandise exports),TX.VAL.FOOD.ZS.UN,..
Gibraltar,GIB,"GDP per capita, PPP (current international $)",NY.GDP.PCAP.PP.CD,..
Gibraltar,GIB,"Life expectancy at birth, total (years)",SP.DYN.LE00.IN,83.553
Gibraltar,GIB,"Literacy rate, adult total (% of people ages 15 and above)",SE.ADT.LITR.ZS,..
Gibraltar,GIB,"Government expenditure on education, total (% of GDP)",SE.XPD.TOTL.GD.ZS,..
Gibraltar,GIB,"Population, total",SP.POP.TOTL,38471
Greece,GRC,Access to electricity (% of population),EG.ELC.ACCS.ZS,100
Greece,GRC,Urban population (% of total population),SP.URB.TOTL.IN.ZS,78.7746303842088
Greece,GRC,Food imports (% of merchandise imports),TM.VAL.FOOD.ZS.UN,12.1575262578546
Greece,GRC,Food exports (% of merchandise exports),TX.VAL.FOOD.ZS.UN,20.2083204225338
Greece,GRC,"GDP per capita, PPP (current international $)",NY.GDP.PCAP.PP.CD,42710.5058010314
Greece,GRC,"Life expectancy at birth, total (years)",SP.DYN.LE00.IN,81.5365853658537
Greece,GRC,"Literacy rate, adult total (% of people ages 15 and above)",SE.ADT.LITR.ZS,..
Greece,GRC,"Government expenditure on education, total (% of GDP)",SE.XPD.TOTL.GD.ZS,..
Greece,GRC,"Population, total",SP.POP.TOTL,10407351
Greenland,GRL,Access to electricity (% of population),EG.ELC.ACCS.ZS,100
Greenland,GRL,Urban population (% of total population),SP.URB.TOTL.IN.ZS,88.0631147749908
Greenland,GRL,Food imports (% of merchandise imports),TM.VAL.FOOD.ZS.UN,..
Greenland,GRL,Food exports (% of merchandise exports),TX.VAL.FOOD.ZS.UN,..
Greenland,GRL,"GDP per capita, PPP (current international $)",NY.GDP.PCAP.PP.CD,78840.5978395988
Greenland,GRL,"Life expectancy at birth, total (years)",SP.DYN.LE00.IN,71.549756097561
Greenland,GRL,"Literacy rate, adult total (% of people ages 15 and above)",SE.ADT.LITR.ZS,..
Greenland,GRL,"Government expenditure on education, total (% of GDP)",SE.XPD.TOTL.GD.ZS,..
Greenland,GRL,"Population, total",SP.POP.TOTL,56865
Grenada,GRD,Access to electricity (% of population),EG.ELC.ACCS.ZS,94.4
Grenada,GRD,Urban population (% of total population),SP.URB.TOTL.IN.ZS,36.462128238584
Grenada,GRD,Food imports (% of merchandise imports),TM.VAL.FOOD.ZS.UN,23.672939646295
Grenada,GRD,Food exports (% of merchandise exports),TX.VAL.FOOD.ZS.UN,61.7149744142774
Grenada,GRD,"GDP per capita, PPP (current international $)",NY.GDP.PCAP.PP.CD,18970.740164653
Grenada,GRD,"Life expectancy at birth, total (years)",SP.DYN.LE00.IN,75.205
Grenada,GRD,"Literacy rate, adult total (% of people ages 15 and above)",SE.ADT.LITR.ZS,..
Grenada,GRD,"Government expenditure on education, total (% of GDP)",SE.XPD.TOTL.GD.ZS,5.12544845968893
Grenada,GRD,"Population, total",SP.POP.TOTL,117081
Guam,GUM,Access to electricity (% of population),EG.ELC.ACCS.ZS,100
Guam,GUM,Urban population (% of total population),SP.URB.TOTL.IN.ZS,94.1349341638921
Guam,GUM,Food imports (% of merchandise imports),TM.VAL.FOOD.ZS.UN,..
Guam,GUM,Food exports (% of merchandise exports),TX.VAL.FOOD.ZS.UN,..
Guam,GUM,"GDP per capita, PPP (current international $)",NY.GDP.PCAP.PP.CD,..
Guam,GUM,"Life expectancy at birth, total (years)",SP.DYN.LE00.IN,77.209
Guam,GUM,"Literacy rate, adult total (% of people ages 15 and above)",SE.ADT.LITR.ZS,..
Guam,GUM,"Government expenditure on education, total (% of GDP)",SE.XPD.TOTL.GD.ZS,..
Guam,GUM,"Population, total",SP.POP.TOTL,166506
Guatemala,GTM,Access to electricity (% of population),EG.ELC.ACCS.ZS,100
Guatemala,GTM,Urban population (% of total population),SP.URB.TOTL.IN.ZS,55.6082319565539
Guatemala,GTM,Food imports (% of merchandise imports),TM.VAL.FOOD.ZS.UN,16.9561740584858
Guatemala,GTM,Food exports (% of merchandise exports),TX.VAL.FOOD.ZS.UN,48.6293419901711
Guatemala,GTM,"GDP per capita, PPP (current international $)",NY.GDP.PCAP.PP.CD,13745.3631241794
Guatemala,GTM,"Life expectancy at birth, total (years)",SP.DYN.LE00.IN,72.602
Guatemala,GTM,"Literacy rate, adult total (% of people ages 15 and above)",SE.ADT.LITR.ZS,83.0440590538501
Guatemala,GTM,"Government expenditure on education, total (% of GDP)",SE.XPD.TOTL.GD.ZS,3.10633993148804
Guatemala,GTM,"Population, total",SP.POP.TOTL,18124838
Guinea,GIN,Access to electricity (% of population),EG.ELC.ACCS.ZS,51.1
Guinea,GIN,Urban population (% of total population),SP.URB.TOTL.IN.ZS,37.6454083954705
Guinea,GIN,Food imports (% of merchandise imports),TM.VAL.FOOD.ZS.UN,..
Guinea,GIN,Food exports (% of merchandise exports),TX.VAL.FOOD.ZS.UN,..
Guinea,GIN,"GDP per capita, PPP (current international $)",NY.GDP.PCAP.PP.CD,4333.74617312626
Guinea,GIN,"Life expectancy at birth, total (years)",SP.DYN.LE00.IN,60.74
Guinea,GIN,"Literacy rate, adult total (% of people ages 15 and above)",SE.ADT.LITR.ZS,..
Guinea,GIN,"Government expenditure on education, total (% of GDP)",SE.XPD.TOTL.GD.ZS,1.72470879088585
Guinea,GIN,"Population, total",SP.POP.TOTL,14405468
Guinea-Bissau,GNB,Access to electricity (% of population),EG.ELC.ACCS.ZS,40.5
Guinea-Bissau,GNB,Urban population (% of total population),SP.URB.TOTL.IN.ZS,45.5923843383789
Guinea-Bissau,GNB,Food imports (% of merchandise imports),TM.VAL.FOOD.ZS.UN,..
Guinea-Bissau,GNB,Food exports (% of merchandise exports),TX.VAL.FOOD.ZS.UN,..
Guinea-Bissau,GNB,"GDP per capita, PPP (current international $)",NY.GDP.PCAP.PP.CD,2989.67235980477
Guinea-Bissau,GNB,"Life expectancy at birth, total (years)",SP.DYN.LE00.IN,64.085
Guinea-Bissau,GNB,"Literacy rate, adult total (% of people ages 15 and above)",SE.ADT.LITR.ZS,..
Guinea-Bissau,GNB,"Government expenditure on education, total (% of GDP)",SE.XPD.TOTL.GD.ZS,..
Guinea-Bissau,GNB,"Population, total",SP.POP.TOTL,2153339
Guyana,GUY,Access to electricity (% of population),EG.ELC.ACCS.ZS,98.9
Guyana,GUY,Urban population (% of total population),SP.URB.TOTL.IN.ZS,26.4651457279878
Guyana,GUY,Food imports (% of merchandise imports),TM.VAL.FOOD.ZS.UN,10.0749322194577
Guyana,GUY,Food exports (% of merchandise exports),TX.VAL.FOOD.ZS.UN,4.8996465364257
Guyana,GUY,"GDP per capita, PPP (current international $)",NY.GDP.PCAP.PP.CD,54729.0365156366
Guyana,GUY,"Life expectancy at birth, total (years)",SP.DYN.LE00.IN,70.18
Guyana,GUY,"Literacy rate, adult total (% of people ages 15 and above)",SE.ADT.LITR.ZS,..
Guyana,GUY,"Government expenditure on education, total (% of GDP)",SE.XPD.TOTL.GD.ZS,..
Guyana,GUY,"Population, total",SP.POP.TOTL,826353
Haiti,HTI,Access to electricity (% of population),EG.ELC.ACCS.ZS,51.3
Haiti,HTI,Urban population (% of total population),SP.URB.TOTL.IN.ZS,54.4496819335618
Haiti,HTI,Food imports (% of merchandise imports),TM.VAL.FOOD.ZS.UN,..
Haiti,HTI,Food exports (% of merchandise exports),TX.VAL.FOOD.ZS.UN,..
Haiti,HTI,"GDP per capita, PPP (current international $)",NY.GDP.PCAP.PP.CD,3291.73817887066
Haiti,HTI,"Life expectancy at birth, total (years)",SP.DYN.LE00.IN,64.936
Haiti,HTI,"Literacy rate, adult total (% of people ages 15 and above)",SE.ADT.LITR.ZS,..
Haiti,HTI,"Government expenditure on education, total (% of GDP)",SE.XPD.TOTL.GD.ZS,0.964648012977964
Haiti,HTI,"Population, total",SP.POP.TOTL,11637398
Honduras,HND,Access to electricity (% of population),EG.ELC.ACCS.ZS,95.6
Honduras,HND,Urban population (% of total population),SP.URB.TOTL.IN.ZS,58.3132392705102
Honduras,HND,Food imports (% of merchandise imports),TM.VAL.FOOD.ZS.UN,19.4028342519915
Honduras,HND,Food exports (% of merchandise exports),TX.VAL.FOOD.ZS.UN,56.8579087755183
Honduras,HND,"GDP per capita, PPP (current international $)",NY.GDP.PCAP.PP.CD,7178.33906781522
Honduras,HND,"Life expectancy at birth, total (years)",SP.DYN.LE00.IN,72.884
Honduras,HND,"Literacy rate, adult total (% of people ages 15 and above)",SE.ADT.LITR.ZS,87.0899963378906
Honduras,HND,"Government expenditure on education, total (% of GDP)",SE.XPD.TOTL.GD.ZS,4.54962037172702
Honduras,HND,"Population, total",SP.POP.TOTL,10644851
"Hong Kong SAR, China",HKG,Access to electricity (% of population),EG.ELC.ACCS.ZS,100
"Hong Kong SAR, China",HKG,Urban population (% of total population),SP.URB.TOTL.IN.ZS,100
"Hong Kong SAR, China",HKG,Food imports (% of merchandise imports),TM.VAL.FOOD.ZS.UN,3.56838231382695
"Hong Kong SAR, China",HKG,Food exports (% of merchandise exports),TX.VAL.FOOD.ZS.UN,1.54878966062733
"Hong Kong SAR, China",HKG,"GDP per capita, PPP (current international $)",NY.GDP.PCAP.PP.CD,71512.3193551161
"Hong Kong SAR, China",HKG,"Life expectancy at birth, total (years)",SP.DYN.LE00.IN,85.2473170731707
"Hong Kong SAR, China",HKG,"Literacy rate, adult total (% of people ages 15 and above)",SE.ADT.LITR.ZS,..
"Hong Kong SAR, China",HKG,"Government expenditure on education, total (% of GDP)",SE.XPD.TOTL.GD.ZS,3.80327010154724
"Hong Kong SAR, China",HKG,"Population, total",SP.POP.TOTL,7536100
Hungary,HUN,Access to electricity (% of population),EG.ELC.ACCS.ZS,100
Hungary,HUN,Urban population (% of total population),SP.URB.TOTL.IN.ZS,70.2923026891431
Hungary,HUN,Food imports (% of merchandise imports),TM.VAL.FOOD.ZS.UN,6.83776438696002
Hungary,HUN,Food exports (% of merchandise exports),TX.VAL.FOOD.ZS.UN,8.5307593696214
Hungary,HUN,"GDP per capita, PPP (current international $)",NY.GDP.PCAP.PP.CD,46592.3856070073
Hungary,HUN,"Life expectancy at birth, total (years)",SP.DYN.LE00.IN,76.7707317073171
Hungary,HUN,"Literacy rate, adult total (% of people ages 15 and above)",SE.ADT.LITR.ZS,..
Hungary,HUN,"Government expenditure on education, total (% of GDP)",SE.XPD.TOTL.GD.ZS,..
Hungary,HUN,"Population, total",SP.POP.TOTL,9592186
Iceland,ISL,Access to electricity (% of population),EG.ELC.ACCS.ZS,100
Iceland,ISL,Urban population (% of total population),SP.URB.TOTL.IN.ZS,94.1518261784801
Iceland,ISL,Food imports (% of merchandise imports),TM.VAL.FOOD.ZS.UN,11.2249405309035
Iceland,ISL,Food exports (% of merchandise exports),TX.VAL.FOOD.ZS.UN,44.6492767764763
Iceland,ISL,"GDP per capita, PPP (current international $)",NY.GDP.PCAP.PP.CD,81608.4479116436
Iceland,ISL,"Life expectancy at birth, total (years)",SP.DYN.LE00.IN,82.6073170731707
Iceland,ISL,"Literacy rate, adult total (% of people ages 15 and above)",SE.ADT.LITR.ZS,..
Iceland,ISL,"Government expenditure on education, total (% of GDP)",SE.XPD.TOTL.GD.ZS,..
Iceland,ISL,"Population, total",SP.POP.TOTL,385663
India,IND,Access to electricity (% of population),EG.ELC.ACCS.ZS,99.5
India,IND,Urban population (% of total population),SP.URB.TOTL.IN.ZS,35.0676918424186
India,IND,Food imports (% of merchandise imports),TM.VAL.FOOD.ZS.UN,4.69913000107828
India,IND,Food exports (% of merchandise exports),TX.VAL.FOOD.ZS.UN,11.013039162045
India,IND,"GDP per capita, PPP (current international $)",NY.GDP.PCAP.PP.CD,10323.4998734428
India,IND,"Life expectancy at birth, total (years)",SP.DYN.LE00.IN,72.003
India,IND,"Literacy rate, adult total (% of people ages 15 and above)",SE.ADT.LITR.ZS,81.6999969482422
India,IND,"Government expenditure on education, total (% of GDP)",SE.XPD.TOTL.GD.ZS,..
India,IND,"Population, total",SP.POP.TOTL,1438069596
Indonesia,IDN,Access to electricity (% of population),EG.ELC.ACCS.ZS,99.4
Indonesia,IDN,Urban population (% of total population),SP.URB.TOTL.IN.ZS,58.1179353397878
Indonesia,IDN,Food imports (% of merchandise imports),TM.VAL.FOOD.ZS.UN,11.814123641417
Indonesia,IDN,Food exports (% of merchandise exports),TX.VAL.FOOD.ZS.UN,19.5934434193276
Indonesia,IDN,"GDP per capita, PPP (current international $)",NY.GDP.PCAP.PP.CD,15415.7079259527
Indonesia,IDN,"Life expectancy at birth, total (years)",SP.DYN.LE00.IN,71.146
Indonesia,IDN,"Literacy rate, adult total (% of people ages 15 and above)",SE.ADT.LITR.ZS,..
Indonesia,IDN,"Government expenditure on education, total (% of GDP)",SE.XPD.TOTL.GD.ZS,1.27517088245674
Indonesia,IDN,"Population, total",SP.POP.TOTL,281190067
"Iran, Islamic Rep.",IRN,Access to electricity (% of population),EG.ELC.ACCS.ZS,100
"Iran, Islamic Rep.",IRN,Urban population (% of total population),SP.URB.TOTL.IN.ZS,76.6759567260742
"Iran, Islamic Rep.",IRN,Food imports (% of merchandise imports),TM.VAL.FOOD.ZS.UN,..
"Iran, Islamic Rep.",IRN,Food exports (% of merchandise exports),TX.VAL.FOOD.ZS.UN,..
"Iran, Islamic Rep.",IRN,"GDP per capita, PPP (current international $)",NY.GDP.PCAP.PP.CD,18917.0914723132
"Iran, Islamic Rep.",IRN,"Life expectancy at birth, total (years)",SP.DYN.LE00.IN,77.654
"Iran, Islamic Rep.",IRN,"Literacy rate, adult total (% of people ages 15 and above)",SE.ADT.LITR.ZS,88.9233339833467
"Iran, Islamic Rep.",IRN,"Government expenditure on education, total (% of GDP)",SE.XPD.TOTL.GD.ZS,2.82443290958712
"Iran, Islamic Rep.",IRN,"Population, total",SP.POP.TOTL,90608707
Iraq,IRQ,Access to electricity (% of population),EG.ELC.ACCS.ZS,100
Iraq,IRQ,Urban population (% of total population),SP.URB.TOTL.IN.ZS,69.868278503418
Iraq,IRQ,Food imports (% of merchandise imports),TM.VAL.FOOD.ZS.UN,..
Iraq,IRQ,Food exports (% of merchandise exports),TX.VAL.FOOD.ZS.UN,..
Iraq,IRQ,"GDP per capita, PPP (current international $)",NY.GDP.PCAP.PP.CD,14652.5212399212
Iraq,IRQ,"Life expectancy at birth, total (years)",SP.DYN.LE00.IN,72.324
Iraq,IRQ,"Literacy rate, adult total (% of people ages 15 and above)",SE.ADT.LITR.ZS,..
Iraq,IRQ,"Government expenditure on education, total (% of GDP)",SE.XPD.TOTL.GD.ZS,..
Iraq,IRQ,"Population, total",SP.POP.TOTL,45074049
Ireland,IRL,Access to electricity (% of population),EG.ELC.ACCS.ZS,100
Ireland,IRL,Urban population (% of total population),SP.URB.TOTL.IN.ZS,64.1152082461268
Ireland,IRL,Food imports (% of merchandise imports),TM.VAL.FOOD.ZS.UN,8.55002119510273
Ireland,IRL,Food exports (% of merchandise exports),TX.VAL.FOOD.ZS.UN,8.46499244255303
Ireland,IRL,"GDP per capita, PPP (current international $)",NY.GDP.PCAP.PP.CD,129682.607150517
Ireland,IRL,"Life expectancy at birth, total (years)",SP.DYN.LE00.IN,82.8609756097561
Ireland,IRL,"Literacy rate, adult total (% of people ages 15 and above)",SE.ADT.LITR.ZS,..
Ireland,IRL,"Government expenditure on education, total (% of GDP)",SE.XPD.TOTL.GD.ZS,..
Ireland,IRL,"Population, total",SP.POP.TOTL,5311538
Isle of Man,IMN,Access to electricity (% of population),EG.ELC.ACCS.ZS,100
Isle of Man,IMN,Urban population (% of total population),SP.URB.TOTL.IN.ZS,52.1832571730182
Isle of Man,IMN,Food imports (% of merchandise imports),TM.VAL.FOOD.ZS.UN,..
Isle of Man,IMN,Food exports (% of merchandise exports),TX.VAL.FOOD.ZS.UN,..
Isle of Man,IMN,"GDP per capita, PPP (current international $)",NY.GDP.PCAP.PP.CD,..
Isle of Man,IMN,"Life expectancy at birth, total (years)",SP.DYN.LE00.IN,80.999
Isle of Man,IMN,"Literacy rate, adult total (% of people ages 15 and above)",SE.ADT.LITR.ZS,..
Isle of Man,IMN,"Government expenditure on education, total (% of GDP)",SE.XPD.TOTL.GD.ZS,..
Isle of Man,IMN,"Population, total",SP.POP.TOTL,84165
Israel,ISR,Access to electricity (% of population),EG.ELC.ACCS.ZS,100
Israel,ISR,Urban population (% of total population),SP.URB.TOTL.IN.ZS,91.5089569794505
Israel,ISR,Food imports (% of merchandise imports),TM.VAL.FOOD.ZS.UN,9.99506959636049
Israel,ISR,Food exports (% of merchandise exports),TX.VAL.FOOD.ZS.UN,4.12302718320441
Israel,ISR,"GDP per capita, PPP (current international $)",NY.GDP.PCAP.PP.CD,55171.2318814321
Israel,ISR,"Life expectancy at birth, total (years)",SP.DYN.LE00.IN,83.1951219512195
Israel,ISR,"Literacy rate, adult total (% of people ages 15 and above)",SE.ADT.LITR.ZS,..
Israel,ISR,"Government expenditure on education, total (% of GDP)",SE.XPD.TOTL.GD.ZS,..
Israel,ISR,"Population, total",SP.POP.TOTL,9849000
Italy,ITA,Access to electricity (% of population),EG.ELC.ACCS.ZS,100
Italy,ITA,Urban population (% of total population),SP.URB.TOTL.IN.ZS,69.5381540123301
Italy,ITA,Food imports (% of merchandise imports),TM.VAL.FOOD.ZS.UN,10.574914613224
Italy,ITA,Food exports (% of merchandise exports),TX.VAL.FOOD.ZS.UN,10.112164845389
Italy,ITA,"GDP per capita, PPP (current international $)",NY.GDP.PCAP.PP.CD,60029.871712398
Italy,ITA,"Life expectancy at birth, total (years)",SP.DYN.LE00.IN,83.7
Italy,ITA,"Literacy rate, adult total (% of people ages 15 and above)",SE.ADT.LITR.ZS,..
Italy,ITA,"Government expenditure on education, total (% of GDP)",SE.XPD.TOTL.GD.ZS,..
Italy,ITA,"Population, total",SP.POP.TOTL,58984216
Jamaica,JAM,Access to electricity (% of population),EG.ELC.ACCS.ZS,97.7
Jamaica,JAM,Urban population (% of total population),SP.URB.TOTL.IN.ZS,58.4510149367429
Jamaica,JAM,Food imports (% of merchandise imports),TM.VAL.FOOD.ZS.UN,20.5146673938933
Jamaica,JAM,Food exports (% of merchandise exports),TX.VAL.FOOD.ZS.UN,30.3866398719161
Jamaica,JAM,"GDP per capita, PPP (current international $)",NY.GDP.PCAP.PP.CD,12650.9052955938
Jamaica,JAM,"Life expectancy at birth, total (years)",SP.DYN.LE00.IN,71.479
Jamaica,JAM,"Literacy rate, adult total (% of people ages 15 and above)",SE.ADT.LITR.ZS,..
Jamaica,JAM,"Government expenditure on education, total (% of GDP)",SE.XPD.TOTL.GD.ZS,5.65453693979426
Jamaica,JAM,"Population, total",SP.POP.TOTL,2839786
Japan,JPN,Access to electricity (% of population),EG.ELC.ACCS.ZS,100
Japan,JPN,Urban population (% of total population),SP.URB.TOTL.IN.ZS,92.0826903891473
Japan,JPN,Food imports (% of merchandise imports),TM.VAL.FOOD.ZS.UN,9.6868733799793
Japan,JPN,Food exports (% of merchandise exports),TX.VAL.FOOD.ZS.UN,1.16659144062924
Japan,JPN,"GDP per capita, PPP (current international $)",NY.GDP.PCAP.PP.CD,50661.7663463109
Japan,JPN,"Life expectancy at birth, total (years)",SP.DYN.LE00.IN,84.0412195121951
Japan,JPN,"Literacy rate, adult total (% of people ages 15 and above)",SE.ADT.LITR.ZS,..
Japan,JPN,"Government expenditure on education, total (% of GDP)",SE.XPD.TOTL.GD.ZS,..
Japan,JPN,"Population, total",SP.POP.TOTL,124516650
Jordan,JOR,Access to electricity (% of population),EG.ELC.ACCS.ZS,100
Jordan,JOR,Urban population (% of total population),SP.URB.TOTL.IN.ZS,92.682236868336
Jordan,JOR,Food imports (% of merchandise imports),TM.VAL.FOOD.ZS.UN,20.1760819152798
Jordan,JOR,Food exports (% of merchandise exports),TX.VAL.FOOD.ZS.UN,13.4446162280279
Jordan,JOR,"GDP per capita, PPP (current international $)",NY.GDP.PCAP.PP.CD,10411.8416152967
Jordan,JOR,"Life expectancy at birth, total (years)",SP.DYN.LE00.IN,77.814
Jordan,JOR,"Literacy rate, adult total (% of people ages 15 and above)",SE.ADT.LITR.ZS,94.8499984741211
Jordan,JOR,"Government expenditure on education, total (% of GDP)",SE.XPD.TOTL.GD.ZS,3.51486315596325
Jordan,JOR,"Population, total",SP.POP.TOTL,11439213
Kazakhstan,KAZ,Access to electricity (% of population),EG.ELC.ACCS.ZS,100
Kazakhstan,KAZ,Urban population (% of total population),SP.URB.TOTL.IN.ZS,61.7560919499181
Kazakhstan,KAZ,Food imports (% of merchandise imports),TM.VAL.FOOD.ZS.UN,9.70778983096429
Kazakhstan,KAZ,Food exports (% of merchandise exports),TX.VAL.FOOD.ZS.UN,6.69012026327187
Kazakhstan,KAZ,"GDP per capita, PPP (current international $)",NY.GDP.PCAP.PP.CD,38515.1836009979
Kazakhstan,KAZ,"Life expectancy at birth, total (years)",SP.DYN.LE00.IN,74.402
Kazakhstan,KAZ,"Literacy rate, adult total (% of people ages 15 and above)",SE.ADT.LITR.ZS,..
Kazakhstan,KAZ,"Government expenditure on education, total (% of GDP)",SE.XPD.TOTL.GD.ZS,4.84984016418457
Kazakhstan,KAZ,"Population, total",SP.POP.TOTL,20330104
Kenya,KEN,Access to electricity (% of population),EG.ELC.ACCS.ZS,76.2
Kenya,KEN,Urban population (% of total population),SP.URB.TOTL.IN.ZS,31.6330340816429
Kenya,KEN,Food imports (% of merchandise imports),TM.VAL.FOOD.ZS.UN,18.8247071859348
Kenya,KEN,Food exports (% of merchandise exports),TX.VAL.FOOD.ZS.UN,48.9805623380495
Kenya,KEN,"GDP per capita, PPP (current international $)",NY.GDP.PCAP.PP.CD,6317.03904665091
Kenya,KEN,"Life expectancy at birth, total (years)",SP.DYN.LE00.IN,63.646
Kenya,KEN,"Literacy rate, adult total (% of people ages 15 and above)",SE.ADT.LITR.ZS,..
Kenya,KEN,"Government expenditure on education, total (% of GDP)",SE.XPD.TOTL.GD.ZS,3.96229304413263
Kenya,KEN,"Population, total",SP.POP.TOTL,55339003
Kiribati,KIR,Access to electricity (% of population),EG.ELC.ACCS.ZS,95.9
Kiribati,KIR,Urban population (% of total population),SP.URB.TOTL.IN.ZS,61.5244676194408
Kiribati,KIR,Food imports (% of merchandise imports),TM.VAL.FOOD.ZS.UN,..
Kiribati,KIR,Food exports (% of merchandise exports),TX.VAL.FOOD.ZS.UN,..
Kiribati,KIR,"GDP per capita, PPP (current international $)",NY.GDP.PCAP.PP.CD,3485.55808311399
Kiribati,KIR,"Life expectancy at birth, total (years)",SP.DYN.LE00.IN,66.473
Kiribati,KIR,"Literacy rate, adult total (% of people ages 15 and above)",SE.ADT.LITR.ZS,..
Kiribati,KIR,"Government expenditure on education, total (% of GDP)",SE.XPD.TOTL.GD.ZS,16.39053
Kiribati,KIR,"Population, total",SP.POP.TOTL,132530
"Korea, Dem. People's Rep.",PRK,Access to electricity (% of population),EG.ELC.ACCS.ZS,57.5
"Korea, Dem. People's Rep.",PRK,Urban population (% of total population),SP.URB.TOTL.IN.ZS,63.5382165423021
"Korea, Dem. People's Rep.",PRK,Food imports (% of merchandise imports),TM.VAL.FOOD.ZS.UN,..
"Korea, Dem. People's Rep.",PRK,Food exports (% of merchandise exports),TX.VAL.FOOD.ZS.UN,..
"Korea, Dem. People's Rep.",PRK,"GDP per capita, PPP (current international $)",NY.GDP.PCAP.PP.CD,..
"Korea, Dem. People's Rep.",PRK,"Life expectancy at birth, total (years)",SP.DYN.LE00.IN,73.642
"Korea, Dem. People's Rep.",PRK,"Literacy rate, adult total (% of people ages 15 and above)",SE.ADT.LITR.ZS,..
"Korea, Dem. People's Rep.",PRK,"Government expenditure on education, total (% of GDP)",SE.XPD.TOTL.GD.ZS,..
"Korea, Dem. People's Rep.",PRK,"Population, total",SP.POP.TOTL,26418204
"Korea, Rep.",KOR,Access to electricity (% of population),EG.ELC.ACCS.ZS,100
"Korea, Rep.",KOR,Urban population (% of total population),SP.URB.TOTL.IN.ZS,81.1645551720421
"Korea, Rep.",KOR,Food imports (% of merchandise imports),TM.VAL.FOOD.ZS.UN,6.33497186956266
"Korea, Rep.",KOR,Food exports (% of merchandise exports),TX.VAL.FOOD.ZS.UN,1.646011457517
"Korea, Rep.",KOR,"GDP per capita, PPP (current international $)",NY.GDP.PCAP.PP.CD,57429.8031076402
"Korea, Rep.",KOR,"Life expectancy at birth, total (years)",SP.DYN.LE00.IN,83.4292682926829
"Korea, Rep.",KOR,"Literacy rate, adult total (% of people ages 15 and above)",SE.ADT.LITR.ZS,..
"Korea, Rep.",KOR,"Government expenditure on education, total (% of GDP)",SE.XPD.TOTL.GD.ZS,..
"Korea, Rep.",KOR,"Population, total",SP.POP.TOTL,51712619
Kosovo,XKX,Access to electricity (% of population),EG.ELC.ACCS.ZS,..
Kosovo,XKX,Urban population (% of total population),SP.URB.TOTL.IN.ZS,49.1105579101515
Kosovo,XKX,Food imports (% of merchandise imports),TM.VAL.FOOD.ZS.UN,..
Kosovo,XKX,Food exports (% of merchandise exports),TX.VAL.FOOD.ZS.UN,..
Kosovo,XKX,"GDP per capita, PPP (current international $)",NY.GDP.PCAP.PP.CD,15804.4065754058
Kosovo,XKX,"Life expectancy at birth, total (years)",SP.DYN.LE00.IN,78.033
Kosovo,XKX,"Literacy rate, adult total (% of people ages 15 and above)",SE.ADT.LITR.ZS,..
Kosovo,XKX,"Government expenditure on education, total (% of GDP)",SE.XPD.TOTL.GD.ZS,..
Kosovo,XKX,"Population, total",SP.POP.TOTL,1682668
Kuwait,KWT,Access to electricity (% of population),EG.ELC.ACCS.ZS,100
Kuwait,KWT,Urban population (% of total population),SP.URB.TOTL.IN.ZS,100
Kuwait,KWT,Food imports (% of merchandise imports),TM.VAL.FOOD.ZS.UN,17.1095766003205
Kuwait,KWT,Food exports (% of merchandise exports),TX.VAL.FOOD.ZS.UN,0.468798742130884
Kuwait,KWT,"GDP per capita, PPP (current international $)",NY.GDP.PCAP.PP.CD,53025.4710858063
Kuwait,KWT,"Life expectancy at birth, total (years)",SP.DYN.LE00.IN,83.1878048780488
Kuwait,KWT,"Literacy rate, adult total (% of people ages 15 and above)",SE.ADT.LITR.ZS,..
Kuwait,KWT,"Government expenditure on education, total (% of GDP)",SE.XPD.TOTL.GD.ZS,5.0262608311279
Kuwait,KWT,"Population, total",SP.POP.TOTL,4853420
Kyrgyz Republic,KGZ,Access to electricity (% of population),EG.ELC.ACCS.ZS,100
Kyrgyz Republic,KGZ,Urban population (% of total population),SP.URB.TOTL.IN.ZS,34.706439175362
Kyrgyz Republic,KGZ,Food imports (% of merchandise imports),TM.VAL.FOOD.ZS.UN,9.24560938263853
Kyrgyz Republic,KGZ,Food exports (% of merchandise exports),TX.VAL.FOOD.ZS.UN,11.5143020989457
Kyrgyz Republic,KGZ,"GDP per capita, PPP (current international $)",NY.GDP.PCAP.PP.CD,7298.08612561933
Kyrgyz Republic,KGZ,"Life expectancy at birth, total (years)",SP.DYN.LE00.IN,72.2487804878049
Kyrgyz Republic,KGZ,"Literacy rate, adult total (% of people ages 15 and above)",SE.ADT.LITR.ZS,..
Kyrgyz Republic,KGZ,"Government expenditure on education, total (% of GDP)",SE.XPD.TOTL.GD.ZS,6.82694680798777
Kyrgyz Republic,KGZ,"Population, total",SP.POP.TOTL,7099750
Lao PDR,LAO,Access to electricity (% of population),EG.ELC.ACCS.ZS,96.5
Lao PDR,LAO,Urban population (% of total population),SP.URB.TOTL.IN.ZS,38.8070088517156
Lao PDR,LAO,Food imports (% of merchandise imports),TM.VAL.FOOD.ZS.UN,12.6886401660591
Lao PDR,LAO,Food exports (% of merchandise exports),TX.VAL.FOOD.ZS.UN,23.2332990831131
Lao PDR,LAO,"GDP per capita, PPP (current international $)",NY.GDP.PCAP.PP.CD,9291.78859001138
Lao PDR,LAO,"Life expectancy at birth, total (years)",SP.DYN.LE00.IN,68.964
Lao PDR,LAO,"Literacy rate, adult total (% of people ages 15 and above)",SE.ADT.LITR.ZS,75.6399993896484
Lao PDR,LAO,"Government expenditure on education, total (% of GDP)",SE.XPD.TOTL.GD.ZS,1.23375160355741
Lao PDR,LAO,"Population, total",SP.POP.TOTL,7664993
Latvia,LVA,Access to electricity (% of population),EG.ELC.ACCS.ZS,100
Latvia,LVA,Urban population (% of total population),SP.URB.TOTL.IN.ZS,68.3586316343061
Latvia,LVA,Food imports (% of merchandise imports),TM.VAL.FOOD.ZS.UN,18.6799464201277
Latvia,LVA,Food exports (% of merchandise exports),TX.VAL.FOOD.ZS.UN,22.1437646200932
Latvia,LVA,"GDP per capita, PPP (current international $)",NY.GDP.PCAP.PP.CD,42576.4060799457
Latvia,LVA,"Life expectancy at birth, total (years)",SP.DYN.LE00.IN,75.6780487804878
Latvia,LVA,"Literacy rate, adult total (% of people ages 15 and above)",SE.ADT.LITR.ZS,..
Latvia,LVA,"Government expenditure on education, total (% of GDP)",SE.XPD.TOTL.GD.ZS,..
Latvia,LVA,"Population, total",SP.POP.TOTL,1883710
Lebanon,LBN,Access to electricity (% of population),EG.ELC.ACCS.ZS,100
Lebanon,LBN,Urban population (% of total population),SP.URB.TOTL.IN.ZS,90.4524074197598
Lebanon,LBN,Food imports (% of merchandise imports),TM.VAL.FOOD.ZS.UN,16.2628211646141
Lebanon,LBN,Food exports (% of merchandise exports),TX.VAL.FOOD.ZS.UN,16.4425663042855
Lebanon,LBN,"GDP per capita, PPP (current international $)",NY.GDP.PCAP.PP.CD,12574.8329116403
Lebanon,LBN,"Life expectancy at birth, total (years)",SP.DYN.LE00.IN,77.817
Lebanon,LBN,"Literacy rate, adult total (% of people ages 15 and above)",SE.ADT.LITR.ZS,..
Lebanon,LBN,"Government expenditure on education, total (% of GDP)",SE.XPD.TOTL.GD.ZS,1.50416361108086
Lebanon,LBN,"Population, total",SP.POP.TOTL,5773493
Lesotho,LSO,Access to electricity (% of population),EG.ELC.ACCS.ZS,57.3
Lesotho,LSO,Urban population (% of total population),SP.URB.TOTL.IN.ZS,42.6781596804785
Lesotho,LSO,Food imports (% of merchandise imports),TM.VAL.FOOD.ZS.UN,22.5085951092009
Lesotho,LSO,Food exports (% of merchandise exports),TX.VAL.FOOD.ZS.UN,13.9943146225283
Lesotho,LSO,"GDP per capita, PPP (current international $)",NY.GDP.PCAP.PP.CD,2880.96629615692
Lesotho,LSO,"Life expectancy at birth, total (years)",SP.DYN.LE00.IN,57.375
Lesotho,LSO,"Literacy rate, adult total (% of people ages 15 and above)",SE.ADT.LITR.ZS,..
Lesotho,LSO,"Government expenditure on education, total (% of GDP)",SE.XPD.TOTL.GD.ZS,7.29011355590957
Lesotho,LSO,"Population, total",SP.POP.TOTL,2311472
Liberia,LBR,Access to electricity (% of population),EG.ELC.ACCS.ZS,32.5
Liberia,LBR,Urban population (% of total population),SP.URB.TOTL.IN.ZS,54.997863482224
Liberia,LBR,Food imports (% of merchandise imports),TM.VAL.FOOD.ZS.UN,23.0903875580164
Liberia,LBR,Food exports (% of merchandise exports),TX.VAL.FOOD.ZS.UN,24.4632706892066
Liberia,LBR,"GDP per capita, PPP (current international $)",NY.GDP.PCAP.PP.CD,1794.53340863362
Liberia,LBR,"Life expectancy at birth, total (years)",SP.DYN.LE00.IN,62.163
Liberia,LBR,"Literacy rate, adult total (% of people ages 15 and above)",SE.ADT.LITR.ZS,..
Liberia,LBR,"Government expenditure on education, total (% of GDP)",SE.XPD.TOTL.GD.ZS,2.2665256232687
Liberia,LBR,"Population, total",SP.POP.TOTL,5493031
Libya,LBY,Access to electricity (% of population),EG.ELC.ACCS.ZS,73.2
Libya,LBY,Urban population (% of total population),SP.URB.TOTL.IN.ZS,87.8647197919848
Libya,LBY,Food imports (% of merchandise imports),TM.VAL.FOOD.ZS.UN,..
Libya,LBY,Food exports (% of merchandise exports),TX.VAL.FOOD.ZS.UN,..
Libya,LBY,"GDP per capita, PPP (current international $)",NY.GDP.PCAP.PP.CD,13847.0792190045
Libya,LBY,"Life expectancy at birth, total (years)",SP.DYN.LE00.IN,69.339
Libya,LBY,"Literacy rate, adult total (% of people ages 15 and above)",SE.ADT.LITR.ZS,..
Libya,LBY,"Government expenditure on education, total (% of GDP)",SE.XPD.TOTL.GD.ZS,..
Libya,LBY,"Population, total",SP.POP.TOTL,7305659
Liechtenstein,LIE,Access to electricity (% of population),EG.ELC.ACCS.ZS,100
Liechtenstein,LIE,Urban population (% of total population),SP.URB.TOTL.IN.ZS,14.6783761234077
Liechtenstein,LIE,Food imports (% of merchandise imports),TM.VAL.FOOD.ZS.UN,..
Liechtenstein,LIE,Food exports (% of merchandise exports),TX.VAL.FOOD.ZS.UN,..
Liechtenstein,LIE,"GDP per capita, PPP (current international $)",NY.GDP.PCAP.PP.CD,..
Liechtenstein,LIE,"Life expectancy at birth, total (years)",SP.DYN.LE00.IN,84.8414634146342
Liechtenstein,LIE,"Literacy rate, adult total (% of people ages 15 and above)",SE.ADT.LITR.ZS,..
Liechtenstein,LIE,"Government expenditure on education, total (% of GDP)",SE.XPD.TOTL.GD.ZS,..
Liechtenstein,LIE,"Population, total",SP.POP.TOTL,39846
Lithuania,LTU,Access to electricity (% of population),EG.ELC.ACCS.ZS,100
Lithuania,LTU,Urban population (% of total population),SP.URB.TOTL.IN.ZS,68.575454583199
Lithuania,LTU,Food imports (% of merchandise imports),TM.VAL.FOOD.ZS.UN,12.688496862156
Lithuania,LTU,Food exports (% of merchandise exports),TX.VAL.FOOD.ZS.UN,18.5593608988671
Lithuania,LTU,"GDP per capita, PPP (current international $)",NY.GDP.PCAP.PP.CD,52348.2468215268
Lithuania,LTU,"Life expectancy at birth, total (years)",SP.DYN.LE00.IN,76.9878048780488
Lithuania,LTU,"Literacy rate, adult total (% of people ages 15 and above)",SE.ADT.LITR.ZS,..
Lithuania,LTU,"Government expenditure on education, total (% of GDP)",SE.XPD.TOTL.GD.ZS,..
Lithuania,LTU,"Population, total",SP.POP.TOTL,2871585
Luxembourg,LUX,Access to electricity (% of population),EG.ELC.ACCS.ZS,100
Luxembourg,LUX,Urban population (% of total population),SP.URB.TOTL.IN.ZS,94.8015300320787
Luxembourg,LUX,Food imports (% of merchandise imports),TM.VAL.FOOD.ZS.UN,13.6078364804508
Luxembourg,LUX,Food exports (% of merchandise exports),TX.VAL.FOOD.ZS.UN,10.9833728201137
Luxembourg,LUX,"GDP per capita, PPP (current international $)",NY.GDP.PCAP.PP.CD,150508.218886888
Luxembourg,LUX,"Life expectancy at birth, total (years)",SP.DYN.LE00.IN,83.3585365853659
Luxembourg,LUX,"Literacy rate, adult total (% of people ages 15 and above)",SE.ADT.LITR.ZS,..
Luxembourg,LUX,"Government expenditure on education, total (% of GDP)",SE.XPD.TOTL.GD.ZS,..
Luxembourg,LUX,"Population, total",SP.POP.TOTL,666430
"Macao SAR, China",MAC,Access to electricity (% of population),EG.ELC.ACCS.ZS,100
"Macao SAR, China",MAC,Urban population (% of total population),SP.URB.TOTL.IN.ZS,100
"Macao SAR, China",MAC,Food imports (% of merchandise imports),TM.VAL.FOOD.ZS.UN,18.1924961860935
"Macao SAR, China",MAC,Food exports (% of merchandise exports),TX.VAL.FOOD.ZS.UN,28.7183191994156
"Macao SAR, China",MAC,"GDP per capita, PPP (current international $)",NY.GDP.PCAP.PP.CD,116328.540600134
"Macao SAR, China",MAC,"Life expectancy at birth, total (years)",SP.DYN.LE00.IN,83.1804878048781
"Macao SAR, China",MAC,"Literacy rate, adult total (% of people ages 15 and above)",SE.ADT.LITR.ZS,..
"Macao SAR, China",MAC,"Government expenditure on education, total (% of GDP)",SE.XPD.TOTL.GD.ZS,3.50183010101318
"Macao SAR, China",MAC,"Population, total",SP.POP.TOTL,678800
Madagascar,MDG,Access to electricity (% of population),EG.ELC.ACCS.ZS,39.4
Madagascar,MDG,Urban population (% of total population),SP.URB.TOTL.IN.ZS,31.9799438860946
Madagascar,MDG,Food imports (% of merchandise imports),TM.VAL.FOOD.ZS.UN,18.0933612117187
Madagascar,MDG,Food exports (% of merchandise exports),TX.VAL.FOOD.ZS.UN,27.5461585814086
Madagascar,MDG,"GDP per capita, PPP (current international $)",NY.GDP.PCAP.PP.CD,1808.44779038579
Madagascar,MDG,"Life expectancy at birth, total (years)",SP.DYN.LE00.IN,63.632
Madagascar,MDG,"Literacy rate, adult total (% of people ages 15 and above)",SE.ADT.LITR.ZS,..
Madagascar,MDG,"Government expenditure on education, total (% of GDP)",SE.XPD.TOTL.GD.ZS,3.04770386693564
Madagascar,MDG,"Population, total",SP.POP.TOTL,31195932
Malawi,MWI,Access to electricity (% of population),EG.ELC.ACCS.ZS,15.6
Malawi,MWI,Urban population (% of total population),SP.URB.TOTL.IN.ZS,16.9748746665356
Malawi,MWI,Food imports (% of merchandise imports),TM.VAL.FOOD.ZS.UN,8.94279490229731
Malawi,MWI,Food exports (% of merchandise exports),TX.VAL.FOOD.ZS.UN,89.2004067002169
Malawi,MWI,"GDP per capita, PPP (current international $)",NY.GDP.PCAP.PP.CD,1830.46461287442
Malawi,MWI,"Life expectancy at birth, total (years)",SP.DYN.LE00.IN,67.353
Malawi,MWI,"Literacy rate, adult total (% of people ages 15 and above)",SE.ADT.LITR.ZS,..
Malawi,MWI,"Government expenditure on education, total (% of GDP)",SE.XPD.TOTL.GD.ZS,..
Malawi,MWI,"Population, total",SP.POP.TOTL,21104482
Malaysia,MYS,Access to electricity (% of population),EG.ELC.ACCS.ZS,100
Malaysia,MYS,Urban population (% of total population),SP.URB.TOTL.IN.ZS,76.4434752105739
Malaysia,MYS,Food imports (% of merchandise imports),TM.VAL.FOOD.ZS.UN,8.34559944038586
Malaysia,MYS,Food exports (% of merchandise exports),TX.VAL.FOOD.ZS.UN,9.54179049585687
Malaysia,MYS,"GDP per capita, PPP (current international $)",NY.GDP.PCAP.PP.CD,36466.8914938333
Malaysia,MYS,"Life expectancy at birth, total (years)",SP.DYN.LE00.IN,76.657
Malaysia,MYS,"Literacy rate, adult total (% of people ages 15 and above)",SE.ADT.LITR.ZS,..
Malaysia,MYS,"Government expenditure on education, total (% of GDP)",SE.XPD.TOTL.GD.ZS,3.51480007171631
Malaysia,MYS,"Population, total",SP.POP.TOTL,35126298
Maldives,MDV,Access to electricity (% of population),EG.ELC.ACCS.ZS,100
Maldives,MDV,Urban population (% of total population),SP.URB.TOTL.IN.ZS,41.5096832933973
Maldives,MDV,Food imports (% of merchandise imports),TM.VAL.FOOD.ZS.UN,19.7880793368526
Maldives,MDV,Food exports (% of merchandise exports),TX.VAL.FOOD.ZS.UN,96.5436194659271
Maldives,MDV,"GDP per capita, PPP (current international $)",NY.GDP.PCAP.PP.CD,24786.2032123451
Maldives,MDV,"Life expectancy at birth, total (years)",SP.DYN.LE00.IN,81.041
Maldives,MDV,"Literacy rate, adult total (% of people ages 15 and above)",SE.ADT.LITR.ZS,..
Maldives,MDV,"Government expenditure on education, total (% of GDP)",SE.XPD.TOTL.GD.ZS,5.16706374664829
Maldives,MDV,"Population, total",SP.POP.TOTL,525994
Mali,MLI,Access to electricity (% of population),EG.ELC.ACCS.ZS,54.5
Mali,MLI,Urban population (% of total population),SP.URB.TOTL.IN.ZS,31.0031889023235
Mali,MLI,Food imports (% of merchandise imports),TM.VAL.FOOD.ZS.UN,13.5059344388347
Mali,MLI,Food exports (% of merchandise exports),TX.VAL.FOOD.ZS.UN,6.16572092381273
Mali,MLI,"GDP per capita, PPP (current international $)",NY.GDP.PCAP.PP.CD,3174.62960276396
Mali,MLI,"Life expectancy at birth, total (years)",SP.DYN.LE00.IN,60.439
Mali,MLI,"Literacy rate, adult total (% of people ages 15 and above)",SE.ADT.LITR.ZS,..
Mali,MLI,"Government expenditure on education, total (% of GDP)",SE.XPD.TOTL.GD.ZS,4.18465094218116
Mali,MLI,"Population, total",SP.POP.TOTL,23769127
Malta,MLT,Access to electricity (% of population),EG.ELC.ACCS.ZS,100
Malta,MLT,Urban population (% of total population),SP.URB.TOTL.IN.ZS,95.6272277147965
Malta,MLT,Food imports (% of merchandise imports),TM.VAL.FOOD.ZS.UN,13.6074999653643
Malta,MLT,Food exports (% of merchandise exports),TX.VAL.FOOD.ZS.UN,10.0984861315188
Malta,MLT,"GDP per capita, PPP (current international $)",NY.GDP.PCAP.PP.CD,67057.2184329891
Malta,MLT,"Life expectancy at birth, total (years)",SP.DYN.LE00.IN,83.5073170731707
Malta,MLT,"Literacy rate, adult total (% of people ages 15 and above)",SE.ADT.LITR.ZS,..
Malta,MLT,"Government expenditure on education, total (% of GDP)",SE.XPD.TOTL.GD.ZS,..
Malta,MLT,"Population, total",SP.POP.TOTL,552747
Marshall Islands,MHL,Access to electricity (% of population),EG.ELC.ACCS.ZS,100
Marshall Islands,MHL,Urban population (% of total population),SP.URB.TOTL.IN.ZS,78.3593928884282
Marshall Islands,MHL,Food imports (% of merchandise imports),TM.VAL.FOOD.ZS.UN,..
Marshall Islands,MHL,Food exports (% of merchandise exports),TX.VAL.FOOD.ZS.UN,..
Marshall Islands,MHL,"GDP per capita, PPP (current international $)",NY.GDP.PCAP.PP.CD,7548.73253747944
Marshall Islands,MHL,"Life expectancy at birth, total (years)",SP.DYN.LE00.IN,66.945
Marshall Islands,MHL,"Literacy rate, adult total (% of people ages 15 and above)",SE.ADT.LITR.ZS,..
Marshall Islands,MHL,"Government expenditure on education, total (% of GDP)",SE.XPD.TOTL.GD.ZS,..
Marshall Islands,MHL,"Population, total",SP.POP.TOTL,38827
Mauritania,MRT,Access to electricity (% of population),EG.ELC.ACCS.ZS,50.3
Mauritania,MRT,Urban population (% of total population),SP.URB.TOTL.IN.ZS,59.7142464747058
Mauritania,MRT,Food imports (% of merchandise imports),TM.VAL.FOOD.ZS.UN,25.2900300589906
Mauritania,MRT,Food exports (% of merchandise exports),TX.VAL.FOOD.ZS.UN,20.1257963529639
Mauritania,MRT,"GDP per capita, PPP (current international $)",NY.GDP.PCAP.PP.CD,6965.90953574715
Mauritania,MRT,"Life expectancy at birth, total (years)",SP.DYN.LE00.IN,68.484
Mauritania,MRT,"Literacy rate, adult total (% of people ages 15 and above)",SE.ADT.LITR.ZS,..
Mauritania,MRT,"Government expenditure on education, total (% of GDP)",SE.XPD.TOTL.GD.ZS,4.71521997451782
Mauritania,MRT,"Population, total",SP.POP.TOTL,5022441
Mauritius,MUS,Access to electricity (% of population),EG.ELC.ACCS.ZS,100
Mauritius,MUS,Urban population (% of total population),SP.URB.TOTL.IN.ZS,39.0039901092226
Mauritius,MUS,Food imports (% of merchandise imports),TM.VAL.FOOD.ZS.UN,22.5077635053641
Mauritius,MUS,Food exports (% of merchandise exports),TX.VAL.FOOD.ZS.UN,49.273647579684
Mauritius,MUS,"GDP per capita, PPP (current international $)",NY.GDP.PCAP.PP.CD,29560.7137230079
Mauritius,MUS,"Life expectancy at birth, total (years)",SP.DYN.LE00.IN,73.4121951219512
Mauritius,MUS,"Literacy rate, adult total (% of people ages 15 and above)",SE.ADT.LITR.ZS,94.3265215627
Mauritius,MUS,"Government expenditure on education, total (% of GDP)",SE.XPD.TOTL.GD.ZS,4.56763982772827
Mauritius,MUS,"Population, total",SP.POP.TOTL,1248647
Mexico,MEX,Access to electricity (% of population),EG.ELC.ACCS.ZS,99.7
Mexico,MEX,Urban population (% of total population),SP.URB.TOTL.IN.ZS,79.4734935748046
Mexico,MEX,Food imports (% of merchandise imports),TM.VAL.FOOD.ZS.UN,6.76758716582161
Mexico,MEX,Food exports (% of merchandise exports),TX.VAL.FOOD.ZS.UN,8.46216784460902
Mexico,MEX,"GDP per capita, PPP (current international $)",NY.GDP.PCAP.PP.CD,25243.1644887582
Mexico,MEX,"Life expectancy at birth, total (years)",SP.DYN.LE00.IN,75.069
Mexico,MEX,"Literacy rate, adult total (% of people ages 15 and above)",SE.ADT.LITR.ZS,95.8346901734281
Mexico,MEX,"Government expenditure on education, total (% of GDP)",SE.XPD.TOTL.GD.ZS,..
Mexico,MEX,"Population, total",SP.POP.TOTL,129739759
"Micronesia, Fed. Sts.",FSM,Access to electricity (% of population),EG.ELC.ACCS.ZS,86.9
"Micronesia, Fed. Sts.",FSM,Urban population (% of total population),SP.URB.TOTL.IN.ZS,22.4334012451903
"Micronesia, Fed. Sts.",FSM,Food imports (% of merchandise imports),TM.VAL.FOOD.ZS.UN,..
"Micronesia, Fed. Sts.",FSM,Food exports (% of merchandise exports),TX.VAL.FOOD.ZS.UN,..
"Micronesia, Fed. Sts.",FSM,"GDP per capita, PPP (current international $)",NY.GDP.PCAP.PP.CD,4233.74492558769
"Micronesia, Fed. Sts.",FSM,"Life expectancy at birth, total (years)",SP.DYN.LE00.IN,67.198
"Micronesia, Fed. Sts.",FSM,"Literacy rate, adult total (% of people ages 15 and above)",SE.ADT.LITR.ZS,..
"Micronesia, Fed. Sts.",FSM,"Government expenditure on education, total (% of GDP)",SE.XPD.TOTL.GD.ZS,..
"Micronesia, Fed. Sts.",FSM,"Population, total",SP.POP.TOTL,112630
Moldova,MDA,Access to electricity (% of population),EG.ELC.ACCS.ZS,100
Moldova,MDA,Urban population (% of total population),SP.URB.TOTL.IN.ZS,43.0011825561523
Moldova,MDA,Food imports (% of merchandise imports),TM.VAL.FOOD.ZS.UN,14.1001622626195
Moldova,MDA,Food exports (% of merchandise exports),TX.VAL.FOOD.ZS.UN,57.3675444569892
Moldova,MDA,"GDP per capita, PPP (current international $)",NY.GDP.PCAP.PP.CD,17746.9405538684
Moldova,MDA,"Life expectancy at birth, total (years)",SP.DYN.LE00.IN,71.198
Moldova,MDA,"Literacy rate, adult total (% of people ages 15 and above)",SE.ADT.LITR.ZS,..
Moldova,MDA,"Government expenditure on education, total (% of GDP)",SE.XPD.TOTL.GD.ZS,6.62547016143799
Moldova,MDA,"Population, total",SP.POP.TOTL,2457783
Monaco,MCO,Access to electricity (% of population),EG.ELC.ACCS.ZS,100
Monaco,MCO,Urban population (% of total population),SP.URB.TOTL.IN.ZS,100
Monaco,MCO,Food imports (% of merchandise imports),TM.VAL.FOOD.ZS.UN,..
Monaco,MCO,Food exports (% of merchandise exports),TX.VAL.FOOD.ZS.UN,..
Monaco,MCO,"GDP per capita, PPP (current international $)",NY.GDP.PCAP.PP.CD,..
Monaco,MCO,"Life expectancy at birth, total (years)",SP.DYN.LE00.IN,86.372
Monaco,MCO,"Literacy rate, adult total (% of people ages 15 and above)",SE.ADT.LITR.ZS,..
Monaco,MCO,"Government expenditure on education, total (% of GDP)",SE.XPD.TOTL.GD.ZS,1.73223996162415
Monaco,MCO,"Population, total",SP.POP.TOTL,38956
Mongolia,MNG,Access to electricity (% of population),EG.ELC.ACCS.ZS,100
Mongolia,MNG,Urban population (% of total population),SP.URB.TOTL.IN.ZS,70.4464492797852
Mongolia,MNG,Food imports (% of merchandise imports),TM.VAL.FOOD.ZS.UN,11.0102584059355
Mongolia,MNG,Food exports (% of merchandise exports),TX.VAL.FOOD.ZS.UN,3.33847813154935
Mongolia,MNG,"GDP per capita, PPP (current international $)",NY.GDP.PCAP.PP.CD,18004.8512058355
Mongolia,MNG,"Life expectancy at birth, total (years)",SP.DYN.LE00.IN,72.1224390243902
Mongolia,MNG,"Literacy rate, adult total (% of people ages 15 and above)",SE.ADT.LITR.ZS,98.6399993896484
Mongolia,MNG,"Government expenditure on education, total (% of GDP)",SE.XPD.TOTL.GD.ZS,3.65764999389648
Mongolia,MNG,"Population, total",SP.POP.TOTL,3481145
Montenegro,MNE,Access to electricity (% of population),EG.ELC.ACCS.ZS,100
Montenegro,MNE,Urban population (% of total population),SP.URB.TOTL.IN.ZS,65.4731667624849
Montenegro,MNE,Food imports (% of merchandise imports),TM.VAL.FOOD.ZS.UN,24.1170573873794
Montenegro,MNE,Food exports (% of merchandise exports),TX.VAL.FOOD.ZS.UN,13.7181534125979
Montenegro,MNE,"GDP per capita, PPP (current international $)",NY.GDP.PCAP.PP.CD,31862.7715778041
Montenegro,MNE,"Life expectancy at birth, total (years)",SP.DYN.LE00.IN,77.5878048780488
Montenegro,MNE,"Literacy rate, adult total (% of people ages 15 and above)",SE.ADT.LITR.ZS,..
Montenegro,MNE,"Government expenditure on education, total (% of GDP)",SE.XPD.TOTL.GD.ZS,..
Montenegro,MNE,"Population, total",SP.POP.TOTL,623529
Morocco,MAR,Access to electricity (% of population),EG.ELC.ACCS.ZS,100
Morocco,MAR,Urban population (% of total population),SP.URB.TOTL.IN.ZS,62.673750838878
Morocco,MAR,Food imports (% of merchandise imports),TM.VAL.FOOD.ZS.UN,13.9777708702069
Morocco,MAR,Food exports (% of merchandise exports),TX.VAL.FOOD.ZS.UN,18.9023701743813
Morocco,MAR,"GDP per capita, PPP (current international $)",NY.GDP.PCAP.PP.CD,9894.650390625
Morocco,MAR,"Life expectancy at birth, total (years)",SP.DYN.LE00.IN,75.313
Morocco,MAR,"Literacy rate, adult total (% of people ages 15 and above)",SE.ADT.LITR.ZS,..
Morocco,MAR,"Government expenditure on education, total (% of GDP)",SE.XPD.TOTL.GD.ZS,6.02096928801329
Morocco,MAR,"Population, total",SP.POP.TOTL,37712505
Mozambique,MOZ,Access to electricity (% of population),EG.ELC.ACCS.ZS,36
Mozambique,MOZ,Urban population (% of total population),SP.URB.TOTL.IN.ZS,35.7149783148407
Mozambique,MOZ,Food imports (% of merchandise imports),TM.VAL.FOOD.ZS.UN,17.4892658464209
Mozambique,MOZ,Food exports (% of merchandise exports),TX.VAL.FOOD.ZS.UN,10.7802188334834
Mozambique,MOZ,"GDP per capita, PPP (current international $)",NY.GDP.PCAP.PP.CD,1678.39118243681
Mozambique,MOZ,"Life expectancy at birth, total (years)",SP.DYN.LE00.IN,63.611
Mozambique,MOZ,"Literacy rate, adult total (% of people ages 15 and above)",SE.ADT.LITR.ZS,..
Mozambique,MOZ,"Government expenditure on education, total (% of GDP)",SE.XPD.TOTL.GD.ZS,..
Mozambique,MOZ,"Population, total",SP.POP.TOTL,33635160
Myanmar,MMR,Access to electricity (% of population),EG.ELC.ACCS.ZS,76.8
Myanmar,MMR,Urban population (% of total population),SP.URB.TOTL.IN.ZS,30.3820718069466
Myanmar,MMR,Food imports (% of merchandise imports),TM.VAL.FOOD.ZS.UN,12.0734229406505
Myanmar,MMR,Food exports (% of merchandise exports),TX.VAL.FOOD.ZS.UN,28.4476641504868
Myanmar,MMR,"GDP per capita, PPP (current international $)",NY.GDP.PCAP.PP.CD,5953.35735165913
Myanmar,MMR,"Life expectancy at birth, total (years)",SP.DYN.LE00.IN,66.889
Myanmar,MMR,"Literacy rate, adult total (% of people ages 15 and above)",SE.ADT.LITR.ZS,..
Myanmar,MMR,"Government expenditure on education, total (% of GDP)",SE.XPD.TOTL.GD.ZS,..
Myanmar,MMR,"Population, total",SP.POP.TOTL,54133798
Namibia,NAM,Access to electricity (% of population),EG.ELC.ACCS.ZS,56.7
Namibia,NAM,Urban population (% of total population),SP.URB.TOTL.IN.ZS,49.9545837830821
Namibia,NAM,Food imports (% of merchandise imports),TM.VAL.FOOD.ZS.UN,13.5137778390088
Namibia,NAM,Food exports (% of merchandise exports),TX.VAL.FOOD.ZS.UN,29.121802400457
Namibia,NAM,"GDP per capita, PPP (current international $)",NY.GDP.PCAP.PP.CD,11251.2370313819
Namibia,NAM,"Life expectancy at birth, total (years)",SP.DYN.LE00.IN,67.385
Namibia,NAM,"Literacy rate, adult total (% of people ages 15 and above)",SE.ADT.LITR.ZS,87.6399993896484
Namibia,NAM,"Government expenditure on education, total (% of GDP)",SE.XPD.TOTL.GD.ZS,..
Namibia,NAM,"Population, total",SP.POP.TOTL,2963095
Nauru,NRU,Access to electricity (% of population),EG.ELC.ACCS.ZS,100
Nauru,NRU,Urban population (% of total population),SP.URB.TOTL.IN.ZS,100
Nauru,NRU,Food imports (% of merchandise imports),TM.VAL.FOOD.ZS.UN,..
Nauru,NRU,Food exports (% of merchandise exports),TX.VAL.FOOD.ZS.UN,..
Nauru,NRU,"GDP per capita, PPP (current international $)",NY.GDP.PCAP.PP.CD,13731.5704745016
Nauru,NRU,"Life expectancy at birth, total (years)",SP.DYN.LE00.IN,62.109
Nauru,NRU,"Literacy rate, adult total (% of people ages 15 and above)",SE.ADT.LITR.ZS,96.5899963378906
Nauru,NRU,"Government expenditure on education, total (% of GDP)",SE.XPD.TOTL.GD.ZS,5.67543983459473
Nauru,NRU,"Population, total",SP.POP.TOTL,11875
Nepal,NPL,Access to electricity (% of population),EG.ELC.ACCS.ZS,94
Nepal,NPL,Urban population (% of total population),SP.URB.TOTL.IN.ZS,66.5432933453944
Nepal,NPL,Food imports (% of merchandise imports),TM.VAL.FOOD.ZS.UN,..
Nepal,NPL,Food exports (% of merchandise exports),TX.VAL.FOOD.ZS.UN,..
Nepal,NPL,"GDP per capita, PPP (current international $)",NY.GDP.PCAP.PP.CD,5395.20820077513
Nepal,NPL,"Life expectancy at birth, total (years)",SP.DYN.LE00.IN,70.354
Nepal,NPL,"Literacy rate, adult total (% of people ages 15 and above)",SE.ADT.LITR.ZS,..
Nepal,NPL,"Government expenditure on education, total (% of GDP)",SE.XPD.TOTL.GD.ZS,3.95641148036706
Nepal,NPL,"Population, total",SP.POP.TOTL,29694614
Netherlands,NLD,Access to electricity (% of population),EG.ELC.ACCS.ZS,100
Netherlands,NLD,Urban population (% of total population),SP.URB.TOTL.IN.ZS,95.3221682092129
Netherlands,NLD,Food imports (% of merchandise imports),TM.VAL.FOOD.ZS.UN,12.1007289115617
Netherlands,NLD,Food exports (% of merchandise exports),TX.VAL.FOOD.ZS.UN,14.9944097849029
Netherlands,NLD,"GDP per capita, PPP (current international $)",NY.GDP.PCAP.PP.CD,81728.6904629268
Netherlands,NLD,"Life expectancy at birth, total (years)",SP.DYN.LE00.IN,81.9146341463415
Netherlands,NLD,"Literacy rate, adult total (% of people ages 15 and above)",SE.ADT.LITR.ZS,..
Netherlands,NLD,"Government expenditure on education, total (% of GDP)",SE.XPD.TOTL.GD.ZS,..
Netherlands,NLD,"Population, total",SP.POP.TOTL,17877117
New Caledonia,NCL,Access to electricity (% of population),EG.ELC.ACCS.ZS,100
New Caledonia,NCL,Urban population (% of total population),SP.URB.TOTL.IN.ZS,67.751522311337
New Caledonia,NCL,Food imports (% of merchandise imports),TM.VAL.FOOD.ZS.UN,..
New Caledonia,NCL,Food exports (% of merchandise exports),TX.VAL.FOOD.ZS.UN,..
New Caledonia,NCL,"GDP per capita, PPP (current international $)",NY.GDP.PCAP.PP.CD,..
New Caledonia,NCL,"Life expectancy at birth, total (years)",SP.DYN.LE00.IN,78.766
New Caledonia,NCL,"Literacy rate, adult total (% of people ages 15 and above)",SE.ADT.LITR.ZS,..
New Caledonia,NCL,"Government expenditure on education, total (% of GDP)",SE.XPD.TOTL.GD.ZS,..
New Caledonia,NCL,"Population, total",SP.POP.TOTL,289870
New Zealand,NZL,Access to electricity (% of population),EG.ELC.ACCS.ZS,100
New Zealand,NZL,Urban population (% of total population),SP.URB.TOTL.IN.ZS,83.8898991461229
New Zealand,NZL,Food imports (% of merchandise imports),TM.VAL.FOOD.ZS.UN,11.2682320290767
New Zealand,NZL,Food exports (% of merchandise exports),TX.VAL.FOOD.ZS.UN,65.7581594237945
New Zealand,NZL,"GDP per capita, PPP (current international $)",NY.GDP.PCAP.PP.CD,54697.382252318
New Zealand,NZL,"Life expectancy at birth, total (years)",SP.DYN.LE00.IN,83.0048780487805
New Zealand,NZL,"Literacy rate, adult total (% of people ages 15 and above)",SE.ADT.LITR.ZS,..
New Zealand,NZL,"Government expenditure on education, total (% of GDP)",SE.XPD.TOTL.GD.ZS,5.27568006515503
New Zealand,NZL,"Population, total",SP.POP.TOTL,5200000
Nicaragua,NIC,Access to electricity (% of population),EG.ELC.ACCS.ZS,88.3
Nicaragua,NIC,Urban population (% of total population),SP.URB.TOTL.IN.ZS,59.1250953674316
Nicaragua,NIC,Food imports (% of merchandise imports),TM.VAL.FOOD.ZS.UN,15.6220965314608
Nicaragua,NIC,Food exports (% of merchandise exports),TX.VAL.FOOD.ZS.UN,43.8173116259905
Nicaragua,NIC,"GDP per capita, PPP (current international $)",NY.GDP.PCAP.PP.CD,8319.97944140996
Nicaragua,NIC,"Life expectancy at birth, total (years)",SP.DYN.LE00.IN,74.947
Nicaragua,NIC,"Literacy rate, adult total (% of people ages 15 and above)",SE.ADT.LITR.ZS,..
Nicaragua,NIC,"Government expenditure on education, total (% of GDP)",SE.XPD.TOTL.GD.ZS,2.86578989028931
Nicaragua,NIC,"Population, total",SP.POP.TOTL,6823613
Niger,NER,Access to electricity (% of population),EG.ELC.ACCS.ZS,20.1
Niger,NER,Urban population (% of total population),SP.URB.TOTL.IN.ZS,17.7506873295237
Niger,NER,Food imports (% of merchandise imports),TM.VAL.FOOD.ZS.UN,19.6214412615414
Niger,NER,Food exports (% of merchandise exports),TX.VAL.FOOD.ZS.UN,7.45115343571803
Niger,NER,"GDP per capita, PPP (current international $)",NY.GDP.PCAP.PP.CD,1875.15306770628
Niger,NER,"Life expectancy at birth, total (years)",SP.DYN.LE00.IN,61.183
Niger,NER,"Literacy rate, adult total (% of people ages 15 and above)",SE.ADT.LITR.ZS,..
Niger,NER,"Government expenditure on education, total (% of GDP)",SE.XPD.TOTL.GD.ZS,4.07412707618114
Niger,NER,"Population, total",SP.POP.TOTL,26159867
Nigeria,NGA,Access to electricity (% of population),EG.ELC.ACCS.ZS,61.2
Nigeria,NGA,Urban population (% of total population),SP.URB.TOTL.IN.ZS,62.1746763155343
Nigeria,NGA,Food imports (% of merchandise imports),TM.VAL.FOOD.ZS.UN,10.6947833248612
Nigeria,NGA,Food exports (% of merchandise exports),TX.VAL.FOOD.ZS.UN,3.78331365664372
Nigeria,NGA,"GDP per capita, PPP (current international $)",NY.GDP.PCAP.PP.CD,8705.43426693539
Nigeria,NGA,"Life expectancy at birth, total (years)",SP.DYN.LE00.IN,54.462
Nigeria,NGA,"Literacy rate, adult total (% of people ages 15 and above)",SE.ADT.LITR.ZS,..
Nigeria,NGA,"Government expenditure on education, total (% of GDP)",SE.XPD.TOTL.GD.ZS,0.319069049792343
Nigeria,NGA,"Population, total",SP.POP.TOTL,227882945
North Macedonia,MKD,Access to electricity (% of population),EG.ELC.ACCS.ZS,100
North Macedonia,MKD,Urban population (% of total population),SP.URB.TOTL.IN.ZS,62.2518322545779
North Macedonia,MKD,Food imports (% of merchandise imports),TM.VAL.FOOD.ZS.UN,10.5591537526063
North Macedonia,MKD,Food exports (% of merchandise exports),TX.VAL.FOOD.ZS.UN,8.95378294649297
North Macedonia,MKD,"GDP per capita, PPP (current international $)",NY.GDP.PCAP.PP.CD,25354.103505762
North Macedonia,MKD,"Life expectancy at birth, total (years)",SP.DYN.LE00.IN,75.3160975609756
North Macedonia,MKD,"Literacy rate, adult total (% of people ages 15 and above)",SE.ADT.LITR.ZS,..
North Macedonia,MKD,"Government expenditure on education, total (% of GDP)",SE.XPD.TOTL.GD.ZS,..
North Macedonia,MKD,"Population, total",SP.POP.TOTL,1827816
Northern Mariana Islands,MNP,Access to electricity (% of population),EG.ELC.ACCS.ZS,100
Northern Mariana Islands,MNP,Urban population (% of total population),SP.URB.TOTL.IN.ZS,91.9754112887573
Northern Mariana Islands,MNP,Food imports (% of merchandise imports),TM.VAL.FOOD.ZS.UN,..
Northern Mariana Islands,MNP,Food exports (% of merchandise exports),TX.VAL.FOOD.ZS.UN,..
Northern Mariana Islands,MNP,"GDP per capita, PPP (current international $)",NY.GDP.PCAP.PP.CD,..
Northern Mariana Islands,MNP,"Life expectancy at birth, total (years)",SP.DYN.LE00.IN,78.808
Northern Mariana Islands,MNP,"Literacy rate, adult total (% of people ages 15 and above)",SE.ADT.LITR.ZS,..
Northern Mariana Islands,MNP,"Government expenditure on education, total (% of GDP)",SE.XPD.TOTL.GD.ZS,..
Northern Mariana Islands,MNP,"Population, total",SP.POP.TOTL,45143
Norway,NOR,Access to electricity (% of population),EG.ELC.ACCS.ZS,100
Norway,NOR,Urban population (% of total population),SP.URB.TOTL.IN.ZS,83.0718560702166
Norway,NOR,Food imports (% of merchandise imports),TM.VAL.FOOD.ZS.UN,10.7621771019837
Norway,NOR,Food exports (% of merchandise exports),TX.VAL.FOOD.ZS.UN,9.73848115296135
Norway,NOR,"GDP per capita, PPP (current international $)",NY.GDP.PCAP.PP.CD,103637.516843678
Norway,NOR,"Life expectancy at birth, total (years)",SP.DYN.LE00.IN,83.1121951219512
Norway,NOR,"Literacy rate, adult total (% of people ages 15 and above)",SE.ADT.LITR.ZS,..
Norway,NOR,"Government expenditure on education, total (% of GDP)",SE.XPD.TOTL.GD.ZS,..
Norway,NOR,"Population, total",SP.POP.TOTL,5519601
Oman,OMN,Access to electricity (% of population),EG.ELC.ACCS.ZS,100
Oman,OMN,Urban population (% of total population),SP.URB.TOTL.IN.ZS,79.5702973228932
Oman,OMN,Food imports (% of merchandise imports),TM.VAL.FOOD.ZS.UN,13.6921582029731
Oman,OMN,Food exports (% of merchandise exports),TX.VAL.FOOD.ZS.UN,3.70606297547888
Oman,OMN,"GDP per capita, PPP (current international $)",NY.GDP.PCAP.PP.CD,41945.0255640883
Oman,OMN,"Life expectancy at birth, total (years)",SP.DYN.LE00.IN,80.031
Oman,OMN,"Literacy rate, adult total (% of people ages 15 and above)",SE.ADT.LITR.ZS,..
Oman,OMN,"Government expenditure on education, total (% of GDP)",SE.XPD.TOTL.GD.ZS,..
Oman,OMN,"Population, total",SP.POP.TOTL,5049269
Pakistan,PAK,Access to electricity (% of population),EG.ELC.ACCS.ZS,95.6
Pakistan,PAK,Urban population (% of total population),SP.URB.TOTL.IN.ZS,38.8191861872791
Pakistan,PAK,Food imports (% of merchandise imports),TM.VAL.FOOD.ZS.UN,16.1107282427233
Pakistan,PAK,Food exports (% of merchandise exports),TX.VAL.FOOD.ZS.UN,21.9335337033458
Pakistan,PAK,"GDP per capita, PPP (current international $)",NY.GDP.PCAP.PP.CD,6013.989636386
Pakistan,PAK,"Life expectancy at birth, total (years)",SP.DYN.LE00.IN,67.649
Pakistan,PAK,"Literacy rate, adult total (% of people ages 15 and above)",SE.ADT.LITR.ZS,..
Pakistan,PAK,"Government expenditure on education, total (% of GDP)",SE.XPD.TOTL.GD.ZS,1.94658005237579
Pakistan,PAK,"Population, total",SP.POP.TOTL,247504495
Palau,PLW,Access to electricity (% of population),EG.ELC.ACCS.ZS,100
Palau,PLW,Urban population (% of total population),SP.URB.TOTL.IN.ZS,79.1531991438847
Palau,PLW,Food imports (% of merchandise imports),TM.VAL.FOOD.ZS.UN,..
Palau,PLW,Food exports (% of merchandise exports),TX.VAL.FOOD.ZS.UN,..
Palau,PLW,"GDP per capita, PPP (current international $)",NY.GDP.PCAP.PP.CD,18230.2698627414
Palau,PLW,"Life expectancy at birth, total (years)",SP.DYN.LE00.IN,69.269
Palau,PLW,"Literacy rate, adult total (% of people ages 15 and above)",SE.ADT.LITR.ZS,..
Palau,PLW,"Government expenditure on education, total (% of GDP)",SE.XPD.TOTL.GD.ZS,3.52595777106229
Palau,PLW,"Population, total",SP.POP.TOTL,17727
Panama,PAN,Access to electricity (% of population),EG.ELC.ACCS.ZS,97
Panama,PAN,Urban population (% of total population),SP.URB.TOTL.IN.ZS,65.8601271176084
Panama,PAN,Food imports (% of merchandise imports),TM.VAL.FOOD.ZS.UN,16.344062207153
Panama,PAN,Food exports (% of merchandise exports),TX.VAL.FOOD.ZS.UN,17.3874099458965
Panama,PAN,"GDP per capita, PPP (current international $)",NY.GDP.PCAP.PP.CD,39813.3857939972
Panama,PAN,"Life expectancy at birth, total (years)",SP.DYN.LE00.IN,79.594
Panama,PAN,"Literacy rate, adult total (% of people ages 15 and above)",SE.ADT.LITR.ZS,96.1092282909577
Panama,PAN,"Government expenditure on education, total (% of GDP)",SE.XPD.TOTL.GD.ZS,2.47225999832153
Panama,PAN,"Population, total",SP.POP.TOTL,4458759
Papua New Guinea,PNG,Access to electricity (% of population),EG.ELC.ACCS.ZS,20.5
Papua New Guinea,PNG,Urban population (% of total population),SP.URB.TOTL.IN.ZS,15.0581017891206
Papua New Guinea,PNG,Food imports (% of merchandise imports),TM.VAL.FOOD.ZS.UN,16.4888046620318
Papua New Guinea,PNG,Food exports (% of merchandise exports),TX.VAL.FOOD.ZS.UN,19.7229396571942
Papua New Guinea,PNG,"GDP per capita, PPP (current international $)",NY.GDP.PCAP.PP.CD,4667.83567092991
Papua New Guinea,PNG,"Life expectancy at birth, total (years)",SP.DYN.LE00.IN,66.134
Papua New Guinea,PNG,"Literacy rate, adult total (% of people ages 15 and above)",SE.ADT.LITR.ZS,..
Papua New Guinea,PNG,"Government expenditure on education, total (% of GDP)",SE.XPD.TOTL.GD.ZS,0.782122804685732
Papua New Guinea,PNG,"Population, total",SP.POP.TOTL,10389635
Paraguay,PRY,Access to electricity (% of population),EG.ELC.ACCS.ZS,99.8
Paraguay,PRY,Urban population (% of total population),SP.URB.TOTL.IN.ZS,69.3466081733694
Paraguay,PRY,Food imports (% of merchandise imports),TM.VAL.FOOD.ZS.UN,7.45976328488979
Paraguay,PRY,Food exports (% of merchandise exports),TX.VAL.FOOD.ZS.UN,70.4360645062827
Paraguay,PRY,"GDP per capita, PPP (current international $)",NY.GDP.PCAP.PP.CD,17564.4912369374
Paraguay,PRY,"Life expectancy at birth, total (years)",SP.DYN.LE00.IN,73.844
Paraguay,PRY,"Literacy rate, adult total (% of people ages 15 and above)",SE.ADT.LITR.ZS,..
Paraguay,PRY,"Government expenditure on education, total (% of GDP)",SE.XPD.TOTL.GD.ZS,3.40649008750915
Paraguay,PRY,"Population, total",SP.POP.TOTL,6844146
Peru,PER,Access to electricity (% of population),EG.ELC.ACCS.ZS,96.2
Peru,PER,Urban population (% of total population),SP.URB.TOTL.IN.ZS,84.7810255849745
Peru,PER,Food imports (% of merchandise imports),TM.VAL.FOOD.ZS.UN,12.5486557221096
Peru,PER,Food exports (% of merchandise exports),TX.VAL.FOOD.ZS.UN,19.9041116521987
Peru,PER,"GDP per capita, PPP (current international $)",NY.GDP.PCAP.PP.CD,17011.2278028825
Peru,PER,"Life expectancy at birth, total (years)",SP.DYN.LE00.IN,77.74
Peru,PER,"Literacy rate, adult total (% of people ages 15 and above)",SE.ADT.LITR.ZS,..
Peru,PER,"Government expenditure on education, total (% of GDP)",SE.XPD.TOTL.GD.ZS,4.23516988754272
Peru,PER,"Population, total",SP.POP.TOTL,33845617
Philippines,PHL,Access to electricity (% of population),EG.ELC.ACCS.ZS,98
Philippines,PHL,Urban population (% of total population),SP.URB.TOTL.IN.ZS,55.1242716168851
Philippines,PHL,Food imports (% of merchandise imports),TM.VAL.FOOD.ZS.UN,13.9096015233525
Philippines,PHL,Food exports (% of merchandise exports),TX.VAL.FOOD.ZS.UN,8.41637176627866
Philippines,PHL,"GDP per capita, PPP (current international $)",NY.GDP.PCAP.PP.CD,10985.8292627505
Philippines,PHL,"Life expectancy at birth, total (years)",SP.DYN.LE00.IN,69.833
Philippines,PHL,"Literacy rate, adult total (% of people ages 15 and above)",SE.ADT.LITR.ZS,..
Philippines,PHL,"Government expenditure on education, total (% of GDP)",SE.XPD.TOTL.GD.ZS,3.6236863467978
Philippines,PHL,"Population, total",SP.POP.TOTL,114891199
Poland,POL,Access to electricity (% of population),EG.ELC.ACCS.ZS,100
Poland,POL,Urban population (% of total population),SP.URB.TOTL.IN.ZS,59.8859561370214
Poland,POL,Food imports (% of merchandise imports),TM.VAL.FOOD.ZS.UN,9.26227852497136
Poland,POL,Food exports (% of merchandise exports),TX.VAL.FOOD.ZS.UN,14.4213014401337
Poland,POL,"GDP per capita, PPP (current international $)",NY.GDP.PCAP.PP.CD,48473.0940286419
Poland,POL,"Life expectancy at birth, total (years)",SP.DYN.LE00.IN,78.5073170731707
Poland,POL,"Literacy rate, adult total (% of people ages 15 and above)",SE.ADT.LITR.ZS,..
Poland,POL,"Government expenditure on education, total (% of GDP)",SE.XPD.TOTL.GD.ZS,..
Poland,POL,"Population, total",SP.POP.TOTL,36687353
Portugal,PRT,Access to electricity (% of population),EG.ELC.ACCS.ZS,100
Portugal,PRT,Urban population (% of total population),SP.URB.TOTL.IN.ZS,61.2048652633664
Portugal,PRT,Food imports (% of merchandise imports),TM.VAL.FOOD.ZS.UN,15.2279156701104
Portugal,PRT,Food exports (% of merchandise exports),TX.VAL.FOOD.ZS.UN,13.5319741097578
Portugal,PRT,"GDP per capita, PPP (current international $)",NY.GDP.PCAP.PP.CD,49352.8388613032
Portugal,PRT,"Life expectancy at birth, total (years)",SP.DYN.LE00.IN,82.2804878048781
Portugal,PRT,"Literacy rate, adult total (% of people ages 15 and above)",SE.ADT.LITR.ZS,..
Portugal,PRT,"Government expenditure on education, total (% of GDP)",SE.XPD.TOTL.GD.ZS,..
Portugal,PRT,"Population, total",SP.POP.TOTL,10578174
Puerto Rico (US),PRI,Access to electricity (% of population),EG.ELC.ACCS.ZS,100
Puerto Rico (US),PRI,Urban population (% of total population),SP.URB.TOTL.IN.ZS,94.1774359275881
Puerto Rico (US),PRI,Food imports (% of merchandise imports),TM.VAL.FOOD.ZS.UN,..
Puerto Rico (US),PRI,Food exports (% of merchandise exports),TX.VAL.FOOD.ZS.UN,..
Puerto Rico (US),PRI,"GDP per capita, PPP (current international $)",NY.GDP.PCAP.PP.CD,47543.3937761528
Puerto Rico (US),PRI,"Life expectancy at birth, total (years)",SP.DYN.LE00.IN,81.69
Puerto Rico (US),PRI,"Literacy rate, adult total (% of people ages 15 and above)",SE.ADT.LITR.ZS,..
Puerto Rico (US),PRI,"Government expenditure on education, total (% of GDP)",SE.XPD.TOTL.GD.ZS,4.26898753959873
Puerto Rico (US),PRI,"Population, total",SP.POP.TOTL,3203792
Qatar,QAT,Access to electricity (% of population),EG.ELC.ACCS.ZS,100
Qatar,QAT,Urban population (% of total population),SP.URB.TOTL.IN.ZS,99.2835325193835
Qatar,QAT,Food imports (% of merchandise imports),TM.VAL.FOOD.ZS.UN,11.204295679661
Qatar,QAT,Food exports (% of merchandise exports),TX.VAL.FOOD.ZS.UN,0.0798738697571159
Qatar,QAT,"GDP per capita, PPP (current international $)",NY.GDP.PCAP.PP.CD,129367.869670927
Qatar,QAT,"Life expectancy at birth, total (years)",SP.DYN.LE00.IN,82.368
Qatar,QAT,"Literacy rate, adult total (% of people ages 15 and above)",SE.ADT.LITR.ZS,..
Qatar,QAT,"Government expenditure on education, total (% of GDP)",SE.XPD.TOTL.GD.ZS,..
Qatar,QAT,"Population, total",SP.POP.TOTL,2656032
Romania,ROU,Access to electricity (% of population),EG.ELC.ACCS.ZS,100
Romania,ROU,Urban population (% of total population),SP.URB.TOTL.IN.ZS,52.1645747011867
Romania,ROU,Food imports (% of merchandise imports),TM.VAL.FOOD.ZS.UN,10.5734842607407
Romania,ROU,Food exports (% of merchandise exports),TX.VAL.FOOD.ZS.UN,13.0396643365619
Romania,ROU,"GDP per capita, PPP (current international $)",NY.GDP.PCAP.PP.CD,45981.6027785222
Romania,ROU,"Life expectancy at birth, total (years)",SP.DYN.LE00.IN,76.6073170731707
Romania,ROU,"Literacy rate, adult total (% of people ages 15 and above)",SE.ADT.LITR.ZS,..
Romania,ROU,"Government expenditure on education, total (% of GDP)",SE.XPD.TOTL.GD.ZS,..
Romania,ROU,"Population, total",SP.POP.TOTL,19061062
Russian Federation,RUS,Access to electricity (% of population),EG.ELC.ACCS.ZS,100
Russian Federation,RUS,Urban population (% of total population),SP.URB.TOTL.IN.ZS,74.9805047873279
Russian Federation,RUS,Food imports (% of merchandise imports),TM.VAL.FOOD.ZS.UN,..
Russian Federation,RUS,Food exports (% of merchandise exports),TX.VAL.FOOD.ZS.UN,..
Russian Federation,RUS,"GDP per capita, PPP (current international $)",NY.GDP.PCAP.PP.CD,44268.73046875
Russian Federation,RUS,"Life expectancy at birth, total (years)",SP.DYN.LE00.IN,73.2546341463415
Russian Federation,RUS,"Literacy rate, adult total (% of people ages 15 and above)",SE.ADT.LITR.ZS,..
Russian Federation,RUS,"Government expenditure on education, total (% of GDP)",SE.XPD.TOTL.GD.ZS,4.16454853394225
Russian Federation,RUS,"Population, total",SP.POP.TOTL,143826130
Rwanda,RWA,Access to electricity (% of population),EG.ELC.ACCS.ZS,63.9
Rwanda,RWA,Urban population (% of total population),SP.URB.TOTL.IN.ZS,28.8555310645477
Rwanda,RWA,Food imports (% of merchandise imports),TM.VAL.FOOD.ZS.UN,..
Rwanda,RWA,Food exports (% of merchandise exports),TX.VAL.FOOD.ZS.UN,..
Rwanda,RWA,"GDP per capita, PPP (current international $)",NY.GDP.PCAP.PP.CD,3399.45174603143
Rwanda,RWA,"Life expectancy at birth, total (years)",SP.DYN.LE00.IN,67.785
Rwanda,RWA,"Literacy rate, adult total (% of people ages 15 and above)",SE.ADT.LITR.ZS,..
Rwanda,RWA,"Government expenditure on education, total (% of GDP)",SE.XPD.TOTL.GD.ZS,4.92004013061523
Rwanda,RWA,"Population, total",SP.POP.TOTL,13954471
Samoa,WSM,Access to electricity (% of population),EG.ELC.ACCS.ZS,100
Samoa,WSM,Urban population (% of total population),SP.URB.TOTL.IN.ZS,17.5012799804602
Samoa,WSM,Food imports (% of merchandise imports),TM.VAL.FOOD.ZS.UN,30.085694029991
Samoa,WSM,Food exports (% of merchandise exports),TX.VAL.FOOD.ZS.UN,40.6760533276859
Samoa,WSM,"GDP per capita, PPP (current international $)",NY.GDP.PCAP.PP.CD,8194.80725640734
Samoa,WSM,"Life expectancy at birth, total (years)",SP.DYN.LE00.IN,71.698
Samoa,WSM,"Literacy rate, adult total (% of people ages 15 and above)",SE.ADT.LITR.ZS,..
Samoa,WSM,"Government expenditure on education, total (% of GDP)",SE.XPD.TOTL.GD.ZS,6.1096302676416
Samoa,WSM,"Population, total",SP.POP.TOTL,216663
San Marino,SMR,Access to electricity (% of population),EG.ELC.ACCS.ZS,100
San Marino,SMR,Urban population (% of total population),SP.URB.TOTL.IN.ZS,97.1317310361655
San Marino,SMR,Food imports (% of merchandise imports),TM.VAL.FOOD.ZS.UN,..
San Marino,SMR,Food exports (% of merchandise exports),TX.VAL.FOOD.ZS.UN,..
San Marino,SMR,"GDP per capita, PPP (current international $)",NY.GDP.PCAP.PP.CD,78745.4313299335
San Marino,SMR,"Life expectancy at birth, total (years)",SP.DYN.LE00.IN,85.706
San Marino,SMR,"Literacy rate, adult total (% of people ages 15 and above)",SE.ADT.LITR.ZS,..
San Marino,SMR,"Government expenditure on education, total (% of GDP)",SE.XPD.TOTL.GD.ZS,..
San Marino,SMR,"Population, total",SP.POP.TOTL,33860
Sao Tome and Principe,STP,Access to electricity (% of population),EG.ELC.ACCS.ZS,81.3
Sao Tome and Principe,STP,Urban population (% of total population),SP.URB.TOTL.IN.ZS,68.6043921103568
Sao Tome and Principe,STP,Food imports (% of merchandise imports),TM.VAL.FOOD.ZS.UN,31.8148500954205
Sao Tome and Principe,STP,Food exports (% of merchandise exports),TX.VAL.FOOD.ZS.UN,98.21041550523
Sao Tome and Principe,STP,"GDP per capita, PPP (current international $)",NY.GDP.PCAP.PP.CD,6149.98146081932
Sao Tome and Principe,STP,"Life expectancy at birth, total (years)",SP.DYN.LE00.IN,69.718
Sao Tome and Principe,STP,"Literacy rate, adult total (% of people ages 15 and above)",SE.ADT.LITR.ZS,..
Sao Tome and Principe,STP,"Government expenditure on education, total (% of GDP)",SE.XPD.TOTL.GD.ZS,5.0288576428727
Sao Tome and Principe,STP,"Population, total",SP.POP.TOTL,230871
Saudi Arabia,SAU,Access to electricity (% of population),EG.ELC.ACCS.ZS,100
Saudi Arabia,SAU,Urban population (% of total population),SP.URB.TOTL.IN.ZS,84.2962388315415
Saudi Arabia,SAU,Food imports (% of merchandise imports),TM.VAL.FOOD.ZS.UN,13.4010931323156
Saudi Arabia,SAU,Food exports (% of merchandise exports),TX.VAL.FOOD.ZS.UN,1.57606809115096
Saudi Arabia,SAU,"GDP per capita, PPP (current international $)",NY.GDP.PCAP.PP.CD,71564.800028565
Saudi Arabia,SAU,"Life expectancy at birth, total (years)",SP.DYN.LE00.IN,78.732
Saudi Arabia,SAU,"Literacy rate, adult total (% of people ages 15 and above)",SE.ADT.LITR.ZS,..
Saudi Arabia,SAU,"Government expenditure on education, total (% of GDP)",SE.XPD.TOTL.GD.ZS,5.11466979980469
Saudi Arabia,SAU,"Population, total",SP.POP.TOTL,33702731
Senegal,SEN,Access to electricity (% of population),EG.ELC.ACCS.ZS,74.2
Senegal,SEN,Urban population (% of total population),SP.URB.TOTL.IN.ZS,54.6992276190794
Senegal,SEN,Food imports (% of merchandise imports),TM.VAL.FOOD.ZS.UN,18.5061079369258
Senegal,SEN,Food exports (% of merchandise exports),TX.VAL.FOOD.ZS.UN,26.5981384645677
Senegal,SEN,"GDP per capita, PPP (current international $)",NY.GDP.PCAP.PP.CD,4777.61451861578
Senegal,SEN,"Life expectancy at birth, total (years)",SP.DYN.LE00.IN,68.683
Senegal,SEN,"Literacy rate, adult total (% of people ages 15 and above)",SE.ADT.LITR.ZS,50.3600006103516
Senegal,SEN,"Government expenditure on education, total (% of GDP)",SE.XPD.TOTL.GD.ZS,6.16277045366329
Senegal,SEN,"Population, total",SP.POP.TOTL,18077573
Serbia,SRB,Access to electricity (% of population),EG.ELC.ACCS.ZS,100
Serbia,SRB,Urban population (% of total population),SP.URB.TOTL.IN.ZS,62.1434649229738
Serbia,SRB,Food imports (% of merchandise imports),TM.VAL.FOOD.ZS.UN,..
Serbia,SRB,Food exports (% of merchandise exports),TX.VAL.FOOD.ZS.UN,..
Serbia,SRB,"GDP per capita, PPP (current international $)",NY.GDP.PCAP.PP.CD,29776.8951752159
Serbia,SRB,"Life expectancy at birth, total (years)",SP.DYN.LE00.IN,76.2209756097561
Serbia,SRB,"Literacy rate, adult total (% of people ages 15 and above)",SE.ADT.LITR.ZS,..
Serbia,SRB,"Government expenditure on education, total (% of GDP)",SE.XPD.TOTL.GD.ZS,3.40377998352051
Serbia,SRB,"Population, total",SP.POP.TOTL,6623183
Seychelles,SYC,Access to electricity (% of population),EG.ELC.ACCS.ZS,100
Seychelles,SYC,Urban population (% of total population),SP.URB.TOTL.IN.ZS,45.0971081321658
Seychelles,SYC,Food imports (% of merchandise imports),TM.VAL.FOOD.ZS.UN,25.2034177580684
Seychelles,SYC,Food exports (% of merchandise exports),TX.VAL.FOOD.ZS.UN,87.6856136879657
Seychelles,SYC,"GDP per capita, PPP (current international $)",NY.GDP.PCAP.PP.CD,31780.7838341965
Seychelles,SYC,"Life expectancy at birth, total (years)",SP.DYN.LE00.IN,74.9585365853659
Seychelles,SYC,"Literacy rate, adult total (% of people ages 15 and above)",SE.ADT.LITR.ZS,..
Seychelles,SYC,"Government expenditure on education, total (% of GDP)",SE.XPD.TOTL.GD.ZS,4.45409960547034
Seychelles,SYC,"Population, total",SP.POP.TOTL,119773
Sierra Leone,SLE,Access to electricity (% of population),EG.ELC.ACCS.ZS,35.5
Sierra Leone,SLE,Urban population (% of total population),SP.URB.TOTL.IN.ZS,44.809324991151
Sierra Leone,SLE,Food imports (% of merchandise imports),TM.VAL.FOOD.ZS.UN,..
Sierra Leone,SLE,Food exports (% of merchandise exports),TX.VAL.FOOD.ZS.UN,..
Sierra Leone,SLE,"GDP per capita, PPP (current international $)",NY.GDP.PCAP.PP.CD,3368.31727188063
Sierra Leone,SLE,"Life expectancy at birth, total (years)",SP.DYN.LE00.IN,61.786
Sierra Leone,SLE,"Literacy rate, adult total (% of people ages 15 and above)",SE.ADT.LITR.ZS,..
Sierra Leone,SLE,"Government expenditure on education, total (% of GDP)",SE.XPD.TOTL.GD.ZS,2.62455277942046
Sierra Leone,SLE,"Population, total",SP.POP.TOTL,8460512
Singapore,SGP,Access to electricity (% of population),EG.ELC.ACCS.ZS,100
Singapore,SGP,Urban population (% of total population),SP.URB.TOTL.IN.ZS,100
Singapore,SGP,Food imports (% of merchandise imports),TM.VAL.FOOD.ZS.UN,4.0272730280579
Singapore,SGP,Food exports (% of merchandise exports),TX.VAL.FOOD.ZS.UN,2.87163688367206
Singapore,SGP,"GDP per capita, PPP (current international $)",NY.GDP.PCAP.PP.CD,143786.136293013
Singapore,SGP,"Life expectancy at birth, total (years)",SP.DYN.LE00.IN,82.8951219512195
Singapore,SGP,"Literacy rate, adult total (% of people ages 15 and above)",SE.ADT.LITR.ZS,..
Singapore,SGP,"Government expenditure on education, total (% of GDP)",SE.XPD.TOTL.GD.ZS,2.14826011657715
Singapore,SGP,"Population, total",SP.POP.TOTL,5917648
Sint Maarten (Dutch part),SXM,Access to electricity (% of population),EG.ELC.ACCS.ZS,100
Sint Maarten (Dutch part),SXM,Urban population (% of total population),SP.URB.TOTL.IN.ZS,100
Sint Maarten (Dutch part),SXM,Food imports (% of merchandise imports),TM.VAL.FOOD.ZS.UN,..
Sint Maarten (Dutch part),SXM,Food exports (% of merchandise exports),TX.VAL.FOOD.ZS.UN,..
Sint Maarten (Dutch part),SXM,"GDP per capita, PPP (current international $)",NY.GDP.PCAP.PP.CD,51686.6520818084
Sint Maarten (Dutch part),SXM,"Life expectancy at birth, total (years)",SP.DYN.LE00.IN,76.371
Sint Maarten (Dutch part),SXM,"Literacy rate, adult total (% of people ages 15 and above)",SE.ADT.LITR.ZS,..
Sint Maarten (Dutch part),SXM,"Government expenditure on education, total (% of GDP)",SE.XPD.TOTL.GD.ZS,3.92363832601723
Sint Maarten (Dutch part),SXM,"Population, total",SP.POP.TOTL,42749
Slovak Republic,SVK,Access to electricity (% of population),EG.ELC.ACCS.ZS,100
Slovak Republic,SVK,Urban population (% of total population),SP.URB.TOTL.IN.ZS,53.190805019646
Slovak Republic,SVK,Food imports (% of merchandise imports),TM.VAL.FOOD.ZS.UN,6.71291440093651
Slovak Republic,SVK,Food exports (% of merchandise exports),TX.VAL.FOOD.ZS.UN,4.5269140203818
Slovak Republic,SVK,"GDP per capita, PPP (current international $)",NY.GDP.PCAP.PP.CD,45973.9406902991
Slovak Republic,SVK,"Life expectancy at birth, total (years)",SP.DYN.LE00.IN,78.0170731707317
Slovak Republic,SVK,"Literacy rate, adult total (% of people ages 15 and above)",SE.ADT.LITR.ZS,..
Slovak Republic,SVK,"Government expenditure on education, total (% of GDP)",SE.XPD.TOTL.GD.ZS,..
Slovak Republic,SVK,"Population, total",SP.POP.TOTL,5426740
Slovenia,SVN,Access to electricity (% of population),EG.ELC.ACCS.ZS,100
Slovenia,SVN,Urban population (% of total population),SP.URB.TOTL.IN.ZS,55.5378927789875
Slovenia,SVN,Food imports (% of merchandise imports),TM.VAL.FOOD.ZS.UN,6.27876819755673
Slovenia,SVN,Food exports (% of merchandise exports),TX.VAL.FOOD.ZS.UN,3.80287493089948
Slovenia,SVN,"GDP per capita, PPP (current international $)",NY.GDP.PCAP.PP.CD,56064.0974596742
Slovenia,SVN,"Life expectancy at birth, total (years)",SP.DYN.LE00.IN,81.9780487804878
Slovenia,SVN,"Literacy rate, adult total (% of people ages 15 and above)",SE.ADT.LITR.ZS,..
Slovenia,SVN,"Government expenditure on education, total (% of GDP)",SE.XPD.TOTL.GD.ZS,..
Slovenia,SVN,"Population, total",SP.POP.TOTL,2120461
Solomon Islands,SLB,Access to electricity (% of population),EG.ELC.ACCS.ZS,81.3
Solomon Islands,SLB,Urban population (% of total population),SP.URB.TOTL.IN.ZS,30.0088821088389
Solomon Islands,SLB,Food imports (% of merchandise imports),TM.VAL.FOOD.ZS.UN,..
Solomon Islands,SLB,Food exports (% of merchandise exports),TX.VAL.FOOD.ZS.UN,..
Solomon Islands,SLB,"GDP per capita, PPP (current international $)",NY.GDP.PCAP.PP.CD,2596.56364252803
Solomon Islands,SLB,"Life expectancy at birth, total (years)",SP.DYN.LE00.IN,70.528
Solomon Islands,SLB,"Literacy rate, adult total (% of people ages 15 and above)",SE.ADT.LITR.ZS,..
Solomon Islands,SLB,"Government expenditure on education, total (% of GDP)",SE.XPD.TOTL.GD.ZS,8.29349080062944
Solomon Islands,SLB,"Population, total",SP.POP.TOTL,800005
"Somalia, Fed. Rep.",SOM,Access to electricity (% of population),EG.ELC.ACCS.ZS,50.3
"Somalia, Fed. Rep.",SOM,Urban population (% of total population),SP.URB.TOTL.IN.ZS,54.0714435506882
"Somalia, Fed. Rep.",SOM,Food imports (% of merchandise imports),TM.VAL.FOOD.ZS.UN,..
"Somalia, Fed. Rep.",SOM,Food exports (% of merchandise exports),TX.VAL.FOOD.ZS.UN,..
"Somalia, Fed. Rep.",SOM,"GDP per capita, PPP (current international $)",NY.GDP.PCAP.PP.CD,1555.61016798776
"Somalia, Fed. Rep.",SOM,"Life expectancy at birth, total (years)",SP.DYN.LE00.IN,58.816
"Somalia, Fed. Rep.",SOM,"Literacy rate, adult total (% of people ages 15 and above)",SE.ADT.LITR.ZS,..
"Somalia, Fed. Rep.",SOM,"Government expenditure on education, total (% of GDP)",SE.XPD.TOTL.GD.ZS,8.14262404011E-06
"Somalia, Fed. Rep.",SOM,"Population, total",SP.POP.TOTL,18358615
South Africa,ZAF,Access to electricity (% of population),EG.ELC.ACCS.ZS,87.7
South Africa,ZAF,Urban population (% of total population),SP.URB.TOTL.IN.ZS,63.5823705163545
South Africa,ZAF,Food imports (% of merchandise imports),TM.VAL.FOOD.ZS.UN,6.32333801823275
South Africa,ZAF,Food exports (% of merchandise exports),TX.VAL.FOOD.ZS.UN,11.6716750751014
South Africa,ZAF,"GDP per capita, PPP (current international $)",NY.GDP.PCAP.PP.CD,15199.7329823776
South Africa,ZAF,"Life expectancy at birth, total (years)",SP.DYN.LE00.IN,66.139
South Africa,ZAF,"Literacy rate, adult total (% of people ages 15 and above)",SE.ADT.LITR.ZS,..
South Africa,ZAF,"Government expenditure on education, total (% of GDP)",SE.XPD.TOTL.GD.ZS,6.12346982955933
South Africa,ZAF,"Population, total",SP.POP.TOTL,63212384
South Sudan,SSD,Access to electricity (% of population),EG.ELC.ACCS.ZS,5.4
South Sudan,SSD,Urban population (% of total population),SP.URB.TOTL.IN.ZS,21.0737755279692
South Sudan,SSD,Food imports (% of merchandise imports),TM.VAL.FOOD.ZS.UN,..
South Sudan,SSD,Food exports (% of merchandise exports),TX.VAL.FOOD.ZS.UN,..
South Sudan,SSD,"GDP per capita, PPP (current international $)",NY.GDP.PCAP.PP.CD,..
South Sudan,SSD,"Life expectancy at birth, total (years)",SP.DYN.LE00.IN,57.617
South Sudan,SSD,"Literacy rate, adult total (% of people ages 15 and above)",SE.ADT.LITR.ZS,..
South Sudan,SSD,"Government expenditure on education, total (% of GDP)",SE.XPD.TOTL.GD.ZS,..
South Sudan,SSD,"Population, total",SP.POP.TOTL,11483374
Spain,ESP,Access to electricity (% of population),EG.ELC.ACCS.ZS,100
Spain,ESP,Urban population (% of total population),SP.URB.TOTL.IN.ZS,80.128491001856
Spain,ESP,Food imports (% of merchandise imports),TM.VAL.FOOD.ZS.UN,12.2528443279897
Spain,ESP,Food exports (% of merchandise exports),TX.VAL.FOOD.ZS.UN,17.2639525802691
Spain,ESP,"GDP per capita, PPP (current international $)",NY.GDP.PCAP.PP.CD,55682.2402603093
Spain,ESP,"Life expectancy at birth, total (years)",SP.DYN.LE00.IN,83.8829268292683
Spain,ESP,"Literacy rate, adult total (% of people ages 15 and above)",SE.ADT.LITR.ZS,..
Spain,ESP,"Government expenditure on education, total (% of GDP)",SE.XPD.TOTL.GD.ZS,..
Spain,ESP,"Population, total",SP.POP.TOTL,48352528
Sri Lanka,LKA,Access to electricity (% of population),EG.ELC.ACCS.ZS,100
Sri Lanka,LKA,Urban population (% of total population),SP.URB.TOTL.IN.ZS,20.1455348442463
Sri Lanka,LKA,Food imports (% of merchandise imports),TM.VAL.FOOD.ZS.UN,15.3541604282848
Sri Lanka,LKA,Food exports (% of merchandise exports),TX.VAL.FOOD.ZS.UN,25.7048170080461
Sri Lanka,LKA,"GDP per capita, PPP (current international $)",NY.GDP.PCAP.PP.CD,14455.6544414734
Sri Lanka,LKA,"Life expectancy at birth, total (years)",SP.DYN.LE00.IN,77.483
Sri Lanka,LKA,"Literacy rate, adult total (% of people ages 15 and above)",SE.ADT.LITR.ZS,92.6600036621094
Sri Lanka,LKA,"Government expenditure on education, total (% of GDP)",SE.XPD.TOTL.GD.ZS,1.82774571561927
Sri Lanka,LKA,"Population, total",SP.POP.TOTL,22037000
St. Kitts and Nevis,KNA,Access to electricity (% of population),EG.ELC.ACCS.ZS,100
St. Kitts and Nevis,KNA,Urban population (% of total population),SP.URB.TOTL.IN.ZS,31.7007809622822
St. Kitts and Nevis,KNA,Food imports (% of merchandise imports),TM.VAL.FOOD.ZS.UN,..
St. Kitts and Nevis,KNA,Food exports (% of merchandise exports),TX.VAL.FOOD.ZS.UN,..
St. Kitts and Nevis,KNA,"GDP per capita, PPP (current international $)",NY.GDP.PCAP.PP.CD,33979.6303615734
St. Kitts and Nevis,KNA,"Life expectancy at birth, total (years)",SP.DYN.LE00.IN,72.145
St. Kitts and Nevis,KNA,"Literacy rate, adult total (% of people ages 15 and above)",SE.ADT.LITR.ZS,..
St. Kitts and Nevis,KNA,"Government expenditure on education, total (% of GDP)",SE.XPD.TOTL.GD.ZS,3.49726171629099
St. Kitts and Nevis,KNA,"Population, total",SP.POP.TOTL,46758
St. Lucia,LCA,Access to electricity (% of population),EG.ELC.ACCS.ZS,100
St. Lucia,LCA,Urban population (% of total population),SP.URB.TOTL.IN.ZS,29.0976313248036
St. Lucia,LCA,Food imports (% of merchandise imports),TM.VAL.FOOD.ZS.UN,..
St. Lucia,LCA,Food exports (% of merchandise exports),TX.VAL.FOOD.ZS.UN,..
St. Lucia,LCA,"GDP per capita, PPP (current international $)",NY.GDP.PCAP.PP.CD,25974.5092925263
St. Lucia,LCA,"Life expectancy at birth, total (years)",SP.DYN.LE00.IN,72.697
St. Lucia,LCA,"Literacy rate, adult total (% of people ages 15 and above)",SE.ADT.LITR.ZS,..
St. Lucia,LCA,"Government expenditure on education, total (% of GDP)",SE.XPD.TOTL.GD.ZS,2.74212002754211
St. Lucia,LCA,"Population, total",SP.POP.TOTL,179285
St. Martin (French part),MAF,Access to electricity (% of population),EG.ELC.ACCS.ZS,100
St. Martin (French part),MAF,Urban population (% of total population),SP.URB.TOTL.IN.ZS,100
St. Martin (French part),MAF,Food imports (% of merchandise imports),TM.VAL.FOOD.ZS.UN,..
St. Martin (French part),MAF,Food exports (% of merchandise exports),TX.VAL.FOOD.ZS.UN,..
St. Martin (French part),MAF,"GDP per capita, PPP (current international $)",NY.GDP.PCAP.PP.CD,..
St. Martin (French part),MAF,"Life expectancy at birth, total (years)",SP.DYN.LE00.IN,80.224
St. Martin (French part),MAF,"Literacy rate, adult total (% of people ages 15 and above)",SE.ADT.LITR.ZS,..
St. Martin (French part),MAF,"Government expenditure on education, total (% of GDP)",SE.XPD.TOTL.GD.ZS,..
St. Martin (French part),MAF,"Population, total",SP.POP.TOTL,27515
St. Vincent and the Grenadines,VCT,Access to electricity (% of population),EG.ELC.ACCS.ZS,100
St. Vincent and the Grenadines,VCT,Urban population (% of total population),SP.URB.TOTL.IN.ZS,47.7169922340041
St. Vincent and the Grenadines,VCT,Food imports (% of merchandise imports),TM.VAL.FOOD.ZS.UN,25.9960868086502
St. Vincent and the Grenadines,VCT,Food exports (% of merchandise exports),TX.VAL.FOOD.ZS.UN,72.5053396773012
St. Vincent and the Grenadines,VCT,"GDP per capita, PPP (current international $)",NY.GDP.PCAP.PP.CD,19819.869034679
St. Vincent and the Grenadines,VCT,"Life expectancy at birth, total (years)",SP.DYN.LE00.IN,71.23
St. Vincent and the Grenadines,VCT,"Literacy rate, adult total (% of people ages 15 and above)",SE.ADT.LITR.ZS,..
St. Vincent and the Grenadines,VCT,"Government expenditure on education, total (% of GDP)",SE.XPD.TOTL.GD.ZS,6.4582691706334
St. Vincent and the Grenadines,VCT,"Population, total",SP.POP.TOTL,101323
Sudan,SDN,Access to electricity (% of population),EG.ELC.ACCS.ZS,66
Sudan,SDN,Urban population (% of total population),SP.URB.TOTL.IN.ZS,34.7960076976764
Sudan,SDN,Food imports (% of merchandise imports),TM.VAL.FOOD.ZS.UN,..
Sudan,SDN,Food exports (% of merchandise exports),TX.VAL.FOOD.ZS.UN,..
Sudan,SDN,"GDP per capita, PPP (current international $)",NY.GDP.PCAP.PP.CD,2420.65795898438
Sudan,SDN,"Life expectancy at birth, total (years)",SP.DYN.LE00.IN,66.331
Sudan,SDN,"Literacy rate, adult total (% of people ages 15 and above)",SE.ADT.LITR.ZS,..
Sudan,SDN,"Government expenditure on education, total (% of GDP)",SE.XPD.TOTL.GD.ZS,..
Sudan,SDN,"Population, total",SP.POP.TOTL,50042791
Suriname,SUR,Access to electricity (% of population),EG.ELC.ACCS.ZS,99.6
Suriname,SUR,Urban population (% of total population),SP.URB.TOTL.IN.ZS,65.7562408447266
Suriname,SUR,Food imports (% of merchandise imports),TM.VAL.FOOD.ZS.UN,15.7948639198877
Suriname,SUR,Food exports (% of merchandise exports),TX.VAL.FOOD.ZS.UN,3.49482571976993
Suriname,SUR,"GDP per capita, PPP (current international $)",NY.GDP.PCAP.PP.CD,21110.1980204563
Suriname,SUR,"Life expectancy at birth, total (years)",SP.DYN.LE00.IN,73.631
Suriname,SUR,"Literacy rate, adult total (% of people ages 15 and above)",SE.ADT.LITR.ZS,..
Suriname,SUR,"Government expenditure on education, total (% of GDP)",SE.XPD.TOTL.GD.ZS,2.86623341491363
Suriname,SUR,"Population, total",SP.POP.TOTL,628886
Sweden,SWE,Access to electricity (% of population),EG.ELC.ACCS.ZS,100
Sweden,SWE,Urban population (% of total population),SP.URB.TOTL.IN.ZS,88.631216160938
Sweden,SWE,Food imports (% of merchandise imports),TM.VAL.FOOD.ZS.UN,10.8757630877108
Sweden,SWE,Food exports (% of merchandise exports),TX.VAL.FOOD.ZS.UN,6.78477872762508
Sweden,SWE,"GDP per capita, PPP (current international $)",NY.GDP.PCAP.PP.CD,69226.3272756663
Sweden,SWE,"Life expectancy at birth, total (years)",SP.DYN.LE00.IN,83.309756097561
Sweden,SWE,"Literacy rate, adult total (% of people ages 15 and above)",SE.ADT.LITR.ZS,..
Sweden,SWE,"Government expenditure on education, total (% of GDP)",SE.XPD.TOTL.GD.ZS,..
Sweden,SWE,"Population, total",SP.POP.TOTL,10536632
Switzerland,CHE,Access to electricity (% of population),EG.ELC.ACCS.ZS,100
Switzerland,CHE,Urban population (% of total population),SP.URB.TOTL.IN.ZS,85.1854212679815
Switzerland,CHE,Food imports (% of merchandise imports),TM.VAL.FOOD.ZS.UN,4.26183066735549
Switzerland,CHE,Food exports (% of merchandise exports),TX.VAL.FOOD.ZS.UN,2.56981145451484
Switzerland,CHE,"GDP per capita, PPP (current international $)",NY.GDP.PCAP.PP.CD,95141.5960943632
Switzerland,CHE,"Life expectancy at birth, total (years)",SP.DYN.LE00.IN,84.0560975609756
Switzerland,CHE,"Literacy rate, adult total (% of people ages 15 and above)",SE.ADT.LITR.ZS,..
Switzerland,CHE,"Government expenditure on education, total (% of GDP)",SE.XPD.TOTL.GD.ZS,..
Switzerland,CHE,"Population, total",SP.POP.TOTL,8888822
Syrian Arab Republic,SYR,Access to electricity (% of population),EG.ELC.ACCS.ZS,88.4
Syrian Arab Republic,SYR,Urban population (% of total population),SP.URB.TOTL.IN.ZS,72.1673803143204
Syrian Arab Republic,SYR,Food imports (% of merchandise imports),TM.VAL.FOOD.ZS.UN,..
Syrian Arab Republic,SYR,Food exports (% of merchandise exports),TX.VAL.FOOD.ZS.UN,..
Syrian Arab Republic,SYR,"GDP per capita, PPP (current international $)",NY.GDP.PCAP.PP.CD,..
Syrian Arab Republic,SYR,"Life expectancy at birth, total (years)",SP.DYN.LE00.IN,72.12
Syrian Arab Republic,SYR,"Literacy rate, adult total (% of people ages 15 and above)",SE.ADT.LITR.ZS,..
Syrian Arab Republic,SYR,"Government expenditure on education, total (% of GDP)",SE.XPD.TOTL.GD.ZS,..
Syrian Arab Republic,SYR,"Population, total",SP.POP.TOTL,23594623
Tajikistan,TJK,Access to electricity (% of population),EG.ELC.ACCS.ZS,100
Tajikistan,TJK,Urban population (% of total population),SP.URB.TOTL.IN.ZS,26.1890127571429
Tajikistan,TJK,Food imports (% of merchandise imports),TM.VAL.FOOD.ZS.UN,26.4602498560308
Tajikistan,TJK,Food exports (% of merchandise exports),TX.VAL.FOOD.ZS.UN,5.22655112519882
Tajikistan,TJK,"GDP per capita, PPP (current international $)",NY.GDP.PCAP.PP.CD,4963.58295264504
Tajikistan,TJK,"Life expectancy at birth, total (years)",SP.DYN.LE00.IN,71.79
Tajikistan,TJK,"Literacy rate, adult total (% of people ages 15 and above)",SE.ADT.LITR.ZS,..
Tajikistan,TJK,"Government expenditure on education, total (% of GDP)",SE.XPD.TOTL.GD.ZS,5.43682120015444
Tajikistan,TJK,"Population, total",SP.POP.TOTL,10389799
Tanzania,TZA,Access to electricity (% of population),EG.ELC.ACCS.ZS,48.3
Tanzania,TZA,Urban population (% of total population),SP.URB.TOTL.IN.ZS,35.4748019434954
Tanzania,TZA,Food imports (% of merchandise imports),TM.VAL.FOOD.ZS.UN,8.82090581410317
Tanzania,TZA,Food exports (% of merchandise exports),TX.VAL.FOOD.ZS.UN,33.1465652358269
Tanzania,TZA,"GDP per capita, PPP (current international $)",NY.GDP.PCAP.PP.CD,4018.5166015625
Tanzania,TZA,"Life expectancy at birth, total (years)",SP.DYN.LE00.IN,66.995
Tanzania,TZA,"Literacy rate, adult total (% of people ages 15 and above)",SE.ADT.LITR.ZS,..
Tanzania,TZA,"Government expenditure on education, total (% of GDP)",SE.XPD.TOTL.GD.ZS,3.25853222146531
Tanzania,TZA,"Population, total",SP.POP.TOTL,66617606
Thailand,THA,Access to electricity (% of population),EG.ELC.ACCS.ZS,100
Thailand,THA,Urban population (% of total population),SP.URB.TOTL.IN.ZS,60.9341926574707
Thailand,THA,Food imports (% of merchandise imports),TM.VAL.FOOD.ZS.UN,7.02762772372685
Thailand,THA,Food exports (% of merchandise exports),TX.VAL.FOOD.ZS.UN,15.0565120386781
Thailand,THA,"GDP per capita, PPP (current international $)",NY.GDP.PCAP.PP.CD,23519.2120979823
Thailand,THA,"Life expectancy at birth, total (years)",SP.DYN.LE00.IN,76.412
Thailand,THA,"Literacy rate, adult total (% of people ages 15 and above)",SE.ADT.LITR.ZS,..
Thailand,THA,"Government expenditure on education, total (% of GDP)",SE.XPD.TOTL.GD.ZS,2.52122219628772
Thailand,THA,"Population, total",SP.POP.TOTL,71702435
Timor-Leste,TLS,Access to electricity (% of population),EG.ELC.ACCS.ZS,100
Timor-Leste,TLS,Urban population (% of total population),SP.URB.TOTL.IN.ZS,28.595471832952
Timor-Leste,TLS,Food imports (% of merchandise imports),TM.VAL.FOOD.ZS.UN,28.0558750199224
Timor-Leste,TLS,Food exports (% of merchandise exports),TX.VAL.FOOD.ZS.UN,10.4763990410188
Timor-Leste,TLS,"GDP per capita, PPP (current international $)",NY.GDP.PCAP.PP.CD,4806.82181559299
Timor-Leste,TLS,"Life expectancy at birth, total (years)",SP.DYN.LE00.IN,67.689
Timor-Leste,TLS,"Literacy rate, adult total (% of people ages 15 and above)",SE.ADT.LITR.ZS,..
Timor-Leste,TLS,"Government expenditure on education, total (% of GDP)",SE.XPD.TOTL.GD.ZS,5.24052834781801
Timor-Leste,TLS,"Population, total",SP.POP.TOTL,1384286
Togo,TGO,Access to electricity (% of population),EG.ELC.ACCS.ZS,59.2
Togo,TGO,Urban population (% of total population),SP.URB.TOTL.IN.ZS,43.2496853032436
Togo,TGO,Food imports (% of merchandise imports),TM.VAL.FOOD.ZS.UN,19.2960459636213
Togo,TGO,Food exports (% of merchandise exports),TX.VAL.FOOD.ZS.UN,31.9620441511226
Togo,TGO,"GDP per capita, PPP (current international $)",NY.GDP.PCAP.PP.CD,3154.43329348299
Togo,TGO,"Life expectancy at birth, total (years)",SP.DYN.LE00.IN,62.739
Togo,TGO,"Literacy rate, adult total (% of people ages 15 and above)",SE.ADT.LITR.ZS,..
Togo,TGO,"Government expenditure on education, total (% of GDP)",SE.XPD.TOTL.GD.ZS,4.14281885166484
Togo,TGO,"Population, total",SP.POP.TOTL,9304337
Tonga,TON,Access to electricity (% of population),EG.ELC.ACCS.ZS,100
Tonga,TON,Urban population (% of total population),SP.URB.TOTL.IN.ZS,21.147944541337
Tonga,TON,Food imports (% of merchandise imports),TM.VAL.FOOD.ZS.UN,27.4895264473966
Tonga,TON,Food exports (% of merchandise exports),TX.VAL.FOOD.ZS.UN,30.9274561573158
Tonga,TON,"GDP per capita, PPP (current international $)",NY.GDP.PCAP.PP.CD,7802.66986206107
Tonga,TON,"Life expectancy at birth, total (years)",SP.DYN.LE00.IN,72.895
Tonga,TON,"Literacy rate, adult total (% of people ages 15 and above)",SE.ADT.LITR.ZS,..
Tonga,TON,"Government expenditure on education, total (% of GDP)",SE.XPD.TOTL.GD.ZS,..
Tonga,TON,"Population, total",SP.POP.TOTL,104597
Trinidad and Tobago,TTO,Access to electricity (% of population),EG.ELC.ACCS.ZS,98.7
Trinidad and Tobago,TTO,Urban population (% of total population),SP.URB.TOTL.IN.ZS,53.9536842104572
Trinidad and Tobago,TTO,Food imports (% of merchandise imports),TM.VAL.FOOD.ZS.UN,13.600777673733
Trinidad and Tobago,TTO,Food exports (% of merchandise exports),TX.VAL.FOOD.ZS.UN,7.17137681251142
Trinidad and Tobago,TTO,"GDP per capita, PPP (current international $)",NY.GDP.PCAP.PP.CD,34623.3691500959
Trinidad and Tobago,TTO,"Life expectancy at birth, total (years)",SP.DYN.LE00.IN,73.49
Trinidad and Tobago,TTO,"Literacy rate, adult total (% of people ages 15 and above)",SE.ADT.LITR.ZS,..
Trinidad and Tobago,TTO,"Government expenditure on education, total (% of GDP)",SE.XPD.TOTL.GD.ZS,3.01114988327026
Trinidad and Tobago,TTO,"Population, total",SP.POP.TOTL,1367510
Tunisia,TUN,Access to electricity (% of population),EG.ELC.ACCS.ZS,100
Tunisia,TUN,Urban population (% of total population),SP.URB.TOTL.IN.ZS,70.0266686486584
Tunisia,TUN,Food imports (% of merchandise imports),TM.VAL.FOOD.ZS.UN,13.3879850452307
Tunisia,TUN,Food exports (% of merchandise exports),TX.VAL.FOOD.ZS.UN,12.8606244712212
Tunisia,TUN,"GDP per capita, PPP (current international $)",NY.GDP.PCAP.PP.CD,14040.5961148142
Tunisia,TUN,"Life expectancy at birth, total (years)",SP.DYN.LE00.IN,76.508
Tunisia,TUN,"Literacy rate, adult total (% of people ages 15 and above)",SE.ADT.LITR.ZS,86.25
Tunisia,TUN,"Government expenditure on education, total (% of GDP)",SE.XPD.TOTL.GD.ZS,6.73398856321206
Tunisia,TUN,"Population, total",SP.POP.TOTL,12200431
Turkiye,TUR,Access to electricity (% of population),EG.ELC.ACCS.ZS,100
Turkiye,TUR,Urban population (% of total population),SP.URB.TOTL.IN.ZS,89.0218446796121
Turkiye,TUR,Food imports (% of merchandise imports),TM.VAL.FOOD.ZS.UN,6.54790608311516
Turkiye,TUR,Food exports (% of merchandise exports),TX.VAL.FOOD.ZS.UN,11.9585305603823
Turkiye,TUR,"GDP per capita, PPP (current international $)",NY.GDP.PCAP.PP.CD,42786.2004948664
Turkiye,TUR,"Life expectancy at birth, total (years)",SP.DYN.LE00.IN,77.156
Turkiye,TUR,"Literacy rate, adult total (% of people ages 15 and above)",SE.ADT.LITR.ZS,..
Turkiye,TUR,"Government expenditure on education, total (% of GDP)",SE.XPD.TOTL.GD.ZS,..
Turkiye,TUR,"Population, total",SP.POP.TOTL,85325965
Turkmenistan,TKM,Access to electricity (% of population),EG.ELC.ACCS.ZS,100
Turkmenistan,TKM,Urban population (% of total population),SP.URB.TOTL.IN.ZS,47.0678875054171
Turkmenistan,TKM,Food imports (% of merchandise imports),TM.VAL.FOOD.ZS.UN,..
Turkmenistan,TKM,Food exports (% of merchandise exports),TX.VAL.FOOD.ZS.UN,..
Turkmenistan,TKM,"GDP per capita, PPP (current international $)",NY.GDP.PCAP.PP.CD,19828.9248461199
Turkmenistan,TKM,"Life expectancy at birth, total (years)",SP.DYN.LE00.IN,70.073
Turkmenistan,TKM,"Literacy rate, adult total (% of people ages 15 and above)",SE.ADT.LITR.ZS,..
Turkmenistan,TKM,"Government expenditure on education, total (% of GDP)",SE.XPD.TOTL.GD.ZS,2.71291995048523
Turkmenistan,TKM,"Population, total",SP.POP.TOTL,7364438
Turks and Caicos Islands,TCA,Access to electricity (% of population),EG.ELC.ACCS.ZS,100
Turks and Caicos Islands,TCA,Urban population (% of total population),SP.URB.TOTL.IN.ZS,93.9324513656818
Turks and Caicos Islands,TCA,Food imports (% of merchandise imports),TM.VAL.FOOD.ZS.UN,..
Turks and Caicos Islands,TCA,Food exports (% of merchandise exports),TX.VAL.FOOD.ZS.UN,..
Turks and Caicos Islands,TCA,"GDP per capita, PPP (current international $)",NY.GDP.PCAP.PP.CD,35336.7403511449
Turks and Caicos Islands,TCA,"Life expectancy at birth, total (years)",SP.DYN.LE00.IN,78.008
Turks and Caicos Islands,TCA,"Literacy rate, adult total (% of people ages 15 and above)",SE.ADT.LITR.ZS,..
Turks and Caicos Islands,TCA,"Government expenditure on education, total (% of GDP)",SE.XPD.TOTL.GD.ZS,2.68765461969981
Turks and Caicos Islands,TCA,"Population, total",SP.POP.TOTL,46198
Tuvalu,TUV,Access to electricity (% of population),EG.ELC.ACCS.ZS,100
Tuvalu,TUV,Urban population (% of total population),SP.URB.TOTL.IN.ZS,64.0117206689787
Tuvalu,TUV,Food imports (% of merchandise imports),TM.VAL.FOOD.ZS.UN,..
Tuvalu,TUV,Food exports (% of merchandise exports),TX.VAL.FOOD.ZS.UN,..
Tuvalu,TUV,"GDP per capita, PPP (current international $)",NY.GDP.PCAP.PP.CD,6151.01047041608
Tuvalu,TUV,"Life expectancy at birth, total (years)",SP.DYN.LE00.IN,67.105
Tuvalu,TUV,"Literacy rate, adult total (% of people ages 15 and above)",SE.ADT.LITR.ZS,..
Tuvalu,TUV,"Government expenditure on education, total (% of GDP)",SE.XPD.TOTL.GD.ZS,12.8456897735596
Tuvalu,TUV,"Population, total",SP.POP.TOTL,9816
Uganda,UGA,Access to electricity (% of population),EG.ELC.ACCS.ZS,51.5
Uganda,UGA,Urban population (% of total population),SP.URB.TOTL.IN.ZS,30.6059359395495
Uganda,UGA,Food imports (% of merchandise imports),TM.VAL.FOOD.ZS.UN,10.6550373917887
Uganda,UGA,Food exports (% of merchandise exports),TX.VAL.FOOD.ZS.UN,39.2731109256684
Uganda,UGA,"GDP per capita, PPP (current international $)",NY.GDP.PCAP.PP.CD,3097.63702430619
Uganda,UGA,"Life expectancy at birth, total (years)",SP.DYN.LE00.IN,68.252
Uganda,UGA,"Literacy rate, adult total (% of people ages 15 and above)",SE.ADT.LITR.ZS,..
Uganda,UGA,"Government expenditure on education, total (% of GDP)",SE.XPD.TOTL.GD.ZS,..
Uganda,UGA,"Population, total",SP.POP.TOTL,48656601
Ukraine,UKR,Access to electricity (% of population),EG.ELC.ACCS.ZS,100
Ukraine,UKR,Urban population (% of total population),SP.URB.TOTL.IN.ZS,69.4754455027606
Ukraine,UKR,Food imports (% of merchandise imports),TM.VAL.FOOD.ZS.UN,10.6179504986024
Ukraine,UKR,Food exports (% of merchandise exports),TX.VAL.FOOD.ZS.UN,60.3289594994246
Ukraine,UKR,"GDP per capita, PPP (current international $)",NY.GDP.PCAP.PP.CD,17665.34375
Ukraine,UKR,"Life expectancy at birth, total (years)",SP.DYN.LE00.IN,73.422
Ukraine,UKR,"Literacy rate, adult total (% of people ages 15 and above)",SE.ADT.LITR.ZS,..
Ukraine,UKR,"Government expenditure on education, total (% of GDP)",SE.XPD.TOTL.GD.ZS,..
Ukraine,UKR,"Population, total",SP.POP.TOTL,37732836
United Arab Emirates,ARE,Access to electricity (% of population),EG.ELC.ACCS.ZS,100
United Arab Emirates,ARE,Urban population (% of total population),SP.URB.TOTL.IN.ZS,85.6680699002526
United Arab Emirates,ARE,Food imports (% of merchandise imports),TM.VAL.FOOD.ZS.UN,4.98896751809272
United Arab Emirates,ARE,Food exports (% of merchandise exports),TX.VAL.FOOD.ZS.UN,2.89132651275323
United Arab Emirates,ARE,"GDP per capita, PPP (current international $)",NY.GDP.PCAP.PP.CD,77955.2951760879
United Arab Emirates,ARE,"Life expectancy at birth, total (years)",SP.DYN.LE00.IN,82.909
United Arab Emirates,ARE,"Literacy rate, adult total (% of people ages 15 and above)",SE.ADT.LITR.ZS,98.0599975585938
United Arab Emirates,ARE,"Government expenditure on education, total (% of GDP)",SE.XPD.TOTL.GD.ZS,..
United Arab Emirates,ARE,"Population, total",SP.POP.TOTL,10483751
United Kingdom,GBR,Access to electricity (% of population),EG.ELC.ACCS.ZS,100
United Kingdom,GBR,Urban population (% of total population),SP.URB.TOTL.IN.ZS,83.1601932891335
United Kingdom,GBR,Food imports (% of merchandise imports),TM.VAL.FOOD.ZS.UN,9.94062516865512
United Kingdom,GBR,Food exports (% of merchandise exports),TX.VAL.FOOD.ZS.UN,6.54486658290483
United Kingdom,GBR,"GDP per capita, PPP (current international $)",NY.GDP.PCAP.PP.CD,59911.3467663209
United Kingdom,GBR,"Life expectancy at birth, total (years)",SP.DYN.LE00.IN,81.2380975609756
United Kingdom,GBR,"Literacy rate, adult total (% of people ages 15 and above)",SE.ADT.LITR.ZS,..
United Kingdom,GBR,"Government expenditure on education, total (% of GDP)",SE.XPD.TOTL.GD.ZS,..
United Kingdom,GBR,"Population, total",SP.POP.TOTL,68492000
United States,USA,Access to electricity (% of population),EG.ELC.ACCS.ZS,100
United States,USA,Urban population (% of total population),SP.URB.TOTL.IN.ZS,80.071561119178
United States,USA,Food imports (% of merchandise imports),TM.VAL.FOOD.ZS.UN,6.78268948296484
United States,USA,Food exports (% of merchandise exports),TX.VAL.FOOD.ZS.UN,9.54645463140735
United States,USA,"GDP per capita, PPP (current international $)",NY.GDP.PCAP.PP.CD,82304.6204272866
United States,USA,"Life expectancy at birth, total (years)",SP.DYN.LE00.IN,78.3853658536585
United States,USA,"Literacy rate, adult total (% of people ages 15 and above)",SE.ADT.LITR.ZS,..
United States,USA,"Government expenditure on education, total (% of GDP)",SE.XPD.TOTL.GD.ZS,..
United States,USA,"Population, total",SP.POP.TOTL,336806231
Uruguay,URY,Access to electricity (% of population),EG.ELC.ACCS.ZS,100
Uruguay,URY,Urban population (% of total population),SP.URB.TOTL.IN.ZS,95.5439605712891
Uruguay,URY,Food imports (% of merchandise imports),TM.VAL.FOOD.ZS.UN,15.6960864594616
Uruguay,URY,Food exports (% of merchandise exports),TX.VAL.FOOD.ZS.UN,66.1561983859233
Uruguay,URY,"GDP per capita, PPP (current international $)",NY.GDP.PCAP.PP.CD,34470.9322201143
Uruguay,URY,"Life expectancy at birth, total (years)",SP.DYN.LE00.IN,78.138
Uruguay,URY,"Literacy rate, adult total (% of people ages 15 and above)",SE.ADT.LITR.ZS,98.8671517186373
Uruguay,URY,"Government expenditure on education, total (% of GDP)",SE.XPD.TOTL.GD.ZS,4.81125020980835
Uruguay,URY,"Population, total",SP.POP.TOTL,3388081
Uzbekistan,UZB,Access to electricity (% of population),EG.ELC.ACCS.ZS,100
Uzbekistan,UZB,Urban population (% of total population),SP.URB.TOTL.IN.ZS,50.9964841114568
Uzbekistan,UZB,Food imports (% of merchandise imports),TM.VAL.FOOD.ZS.UN,11.4447498383301
Uzbekistan,UZB,Food exports (% of merchandise exports),TX.VAL.FOOD.ZS.UN,8.72874386757163
Uzbekistan,UZB,"GDP per capita, PPP (current international $)",NY.GDP.PCAP.PP.CD,11106.9715934767
Uzbekistan,UZB,"Life expectancy at birth, total (years)",SP.DYN.LE00.IN,72.388
Uzbekistan,UZB,"Literacy rate, adult total (% of people ages 15 and above)",SE.ADT.LITR.ZS,..
Uzbekistan,UZB,"Government expenditure on education, total (% of GDP)",SE.XPD.TOTL.GD.ZS,5.47287597270024
Uzbekistan,UZB,"Population, total",SP.POP.TOTL,35652307
Vanuatu,VUT,Access to electricity (% of population),EG.ELC.ACCS.ZS,61.6
Vanuatu,VUT,Urban population (% of total population),SP.URB.TOTL.IN.ZS,22.2651966823901
Vanuatu,VUT,Food imports (% of merchandise imports),TM.VAL.FOOD.ZS.UN,..
Vanuatu,VUT,Food exports (% of merchandise exports),TX.VAL.FOOD.ZS.UN,..
Vanuatu,VUT,"GDP per capita, PPP (current international $)",NY.GDP.PCAP.PP.CD,3567.81882030223
Vanuatu,VUT,"Life expectancy at birth, total (years)",SP.DYN.LE00.IN,71.477
Vanuatu,VUT,"Literacy rate, adult total (% of people ages 15 and above)",SE.ADT.LITR.ZS,87.9599990844727
Vanuatu,VUT,"Government expenditure on education, total (% of GDP)",SE.XPD.TOTL.GD.ZS,7.58135986328125
Vanuatu,VUT,"Population, total",SP.POP.TOTL,320409
"Venezuela, RB",VEN,Access to electricity (% of population),EG.ELC.ACCS.ZS,100
"Venezuela, RB",VEN,Urban population (% of total population),SP.URB.TOTL.IN.ZS,89.249627620225
"Venezuela, RB",VEN,Food imports (% of merchandise imports),TM.VAL.FOOD.ZS.UN,..
"Venezuela, RB",VEN,Food exports (% of merchandise exports),TX.VAL.FOOD.ZS.UN,..
"Venezuela, RB",VEN,"GDP per capita, PPP (current international $)",NY.GDP.PCAP.PP.CD,..
"Venezuela, RB",VEN,"Life expectancy at birth, total (years)",SP.DYN.LE00.IN,72.514
"Venezuela, RB",VEN,"Literacy rate, adult total (% of people ages 15 and above)",SE.ADT.LITR.ZS,..
"Venezuela, RB",VEN,"Government expenditure on education, total (% of GDP)",SE.XPD.TOTL.GD.ZS,0.0031300000846386
"Venezuela, RB",VEN,"Population, total",SP.POP.TOTL,28300854
Viet Nam,VNM,Access to electricity (% of population),EG.ELC.ACCS.ZS,99.8
Viet Nam,VNM,Urban population (% of total population),SP.URB.TOTL.IN.ZS,38.1298904418945
Viet Nam,VNM,Food imports (% of merchandise imports),TM.VAL.FOOD.ZS.UN,8.79902680198845
Viet Nam,VNM,Food exports (% of merchandise exports),TX.VAL.FOOD.ZS.UN,9.36226903673916
Viet Nam,VNM,"GDP per capita, PPP (current international $)",NY.GDP.PCAP.PP.CD,15033.8768594355
Viet Nam,VNM,"Life expectancy at birth, total (years)",SP.DYN.LE00.IN,74.588
Viet Nam,VNM,"Literacy rate, adult total (% of people ages 15 and above)",SE.ADT.LITR.ZS,..
Viet Nam,VNM,"Government expenditure on education, total (% of GDP)",SE.XPD.TOTL.GD.ZS,..
Viet Nam,VNM,"Population, total",SP.POP.TOTL,100352192
Virgin Islands (U.S.),VIR,Access to electricity (% of population),EG.ELC.ACCS.ZS,100
Virgin Islands (U.S.),VIR,Urban population (% of total population),SP.URB.TOTL.IN.ZS,95.2740790945924
Virgin Islands (U.S.),VIR,Food imports (% of merchandise imports),TM.VAL.FOOD.ZS.UN,..
Virgin Islands (U.S.),VIR,Food exports (% of merchandise exports),TX.VAL.FOOD.ZS.UN,..
Virgin Islands (U.S.),VIR,"GDP per capita, PPP (current international $)",NY.GDP.PCAP.PP.CD,..
Virgin Islands (U.S.),VIR,"Life expectancy at birth, total (years)",SP.DYN.LE00.IN,80.519512195122
Virgin Islands (U.S.),VIR,"Literacy rate, adult total (% of people ages 15 and above)",SE.ADT.LITR.ZS,..
Virgin Islands (U.S.),VIR,"Government expenditure on education, total (% of GDP)",SE.XPD.TOTL.GD.ZS,..
Virgin Islands (U.S.),VIR,"Population, total",SP.POP.TOTL,104917
West Bank and Gaza,PSE,Access to electricity (% of population),EG.ELC.ACCS.ZS,100
West Bank and Gaza,PSE,Urban population (% of total population),SP.URB.TOTL.IN.ZS,86.8576870415886
West Bank and Gaza,PSE,Food imports (% of merchandise imports),TM.VAL.FOOD.ZS.UN,30.9230514954555
West Bank and Gaza,PSE,Food exports (% of merchandise exports),TX.VAL.FOOD.ZS.UN,21.3953024551424
West Bank and Gaza,PSE,"GDP per capita, PPP (current international $)",NY.GDP.PCAP.PP.CD,5950.02006184393
West Bank and Gaza,PSE,"Life expectancy at birth, total (years)",SP.DYN.LE00.IN,65.17
West Bank and Gaza,PSE,"Literacy rate, adult total (% of people ages 15 and above)",SE.ADT.LITR.ZS,..
West Bank and Gaza,PSE,"Government expenditure on education, total (% of GDP)",SE.XPD.TOTL.GD.ZS,..
West Bank and Gaza,PSE,"Population, total",SP.POP.TOTL,5165775
"Yemen, Rep.",YEM,Access to electricity (% of population),EG.ELC.ACCS.ZS,83.6
"Yemen, Rep.",YEM,Urban population (% of total population),SP.URB.TOTL.IN.ZS,36.5707979836506
"Yemen, Rep.",YEM,Food imports (% of merchandise imports),TM.VAL.FOOD.ZS.UN,..
"Yemen, Rep.",YEM,Food exports (% of merchandise exports),TX.VAL.FOOD.ZS.UN,..
"Yemen, Rep.",YEM,"GDP per capita, PPP (current international $)",NY.GDP.PCAP.PP.CD,..
"Yemen, Rep.",YEM,"Life expectancy at birth, total (years)",SP.DYN.LE00.IN,69.295
"Yemen, Rep.",YEM,"Literacy rate, adult total (% of people ages 15 and above)",SE.ADT.LITR.ZS,..
"Yemen, Rep.",YEM,"Government expenditure on education, total (% of GDP)",SE.XPD.TOTL.GD.ZS,..
"Yemen, Rep.",YEM,"Population, total",SP.POP.TOTL,39390799
Zambia,ZMB,Access to electricity (% of population),EG.ELC.ACCS.ZS,51.1
Zambia,ZMB,Urban population (% of total population),SP.URB.TOTL.IN.ZS,45.0285853521585
Zambia,ZMB,Food imports (% of merchandise imports),TM.VAL.FOOD.ZS.UN,6.8602251801721
Zambia,ZMB,Food exports (% of merchandise exports),TX.VAL.FOOD.ZS.UN,10.6148860130193
Zambia,ZMB,"GDP per capita, PPP (current international $)",NY.GDP.PCAP.PP.CD,4076.99508686641
Zambia,ZMB,"Life expectancy at birth, total (years)",SP.DYN.LE00.IN,66.349
Zambia,ZMB,"Literacy rate, adult total (% of people ages 15 and above)",SE.ADT.LITR.ZS,82.0418064991238
Zambia,ZMB,"Government expenditure on education, total (% of GDP)",SE.XPD.TOTL.GD.ZS,4.07374933049157
Zambia,ZMB,"Population, total",SP.POP.TOTL,20723965
Zimbabwe,ZWE,Access to electricity (% of population),EG.ELC.ACCS.ZS,62
Zimbabwe,ZWE,Urban population (% of total population),SP.URB.TOTL.IN.ZS,39.2919370795795
Zimbabwe,ZWE,Food imports (% of merchandise imports),TM.VAL.FOOD.ZS.UN,13.8194390564742
Zimbabwe,ZWE,Food exports (% of merchandise exports),TX.VAL.FOOD.ZS.UN,20.3073386564622
Zimbabwe,ZWE,"GDP per capita, PPP (current international $)",NY.GDP.PCAP.PP.CD,5791.19212877988
Zimbabwe,ZWE,"Life expectancy at birth, total (years)",SP.DYN.LE00.IN,62.775
Zimbabwe,ZWE,"Literacy rate, adult total (% of people ages 15 and above)",SE.ADT.LITR.ZS,..
Zimbabwe,ZWE,"Government expenditure on education, total (% of GDP)",SE.XPD.TOTL.GD.ZS,0.384771297211919
Zimbabwe,ZWE,"Population, total",SP.POP.TOTL,16340822
Africa Eastern and Southern,AFE,Access to electricity (% of population),EG.ELC.ACCS.ZS,50.6675157944854
Africa Eastern and Southern,AFE,Urban population (% of total population),SP.URB.TOTL.IN.ZS,37.7723012408349
Africa Eastern and Southern,AFE,Food imports (% of merchandise imports),TM.VAL.FOOD.ZS.UN,10.6450411072515
Africa Eastern and Southern,AFE,Food exports (% of merchandise exports),TX.VAL.FOOD.ZS.UN,14.4391100782837
Africa Eastern and Southern,AFE,"GDP per capita, PPP (current international $)",NY.GDP.PCAP.PP.CD,4501.6011005616
Africa Eastern and Southern,AFE,"Life expectancy at birth, total (years)",SP.DYN.LE00.IN,65.1461543479959
Africa Eastern and Southern,AFE,"Literacy rate, adult total (% of people ages 15 and above)",SE.ADT.LITR.ZS,73.3681411743164
Africa Eastern and Southern,AFE,"Government expenditure on education, total (% of GDP)",SE.XPD.TOTL.GD.ZS,3.96229304413263
Africa Eastern and Southern,AFE,"Population, total",SP.POP.TOTL,750491370
Africa Western and Central,AFW,Access to electricity (% of population),EG.ELC.ACCS.ZS,57.0692665803595
Africa Western and Central,AFW,Urban population (% of total population),SP.URB.TOTL.IN.ZS,52.2829081872902
Africa Western and Central,AFW,Food imports (% of merchandise imports),TM.VAL.FOOD.ZS.UN,15.3243806866191
Africa Western and Central,AFW,Food exports (% of merchandise exports),TX.VAL.FOOD.ZS.UN,12.1255276006793
Africa Western and Central,AFW,"GDP per capita, PPP (current international $)",NY.GDP.PCAP.PP.CD,6520.28031254058
Africa Western and Central,AFW,"Life expectancy at birth, total (years)",SP.DYN.LE00.IN,58.8557215483276
Africa Western and Central,AFW,"Literacy rate, adult total (% of people ages 15 and above)",SE.ADT.LITR.ZS,61.0263595581055
Africa Western and Central,AFW,"Government expenditure on education, total (% of GDP)",SE.XPD.TOTL.GD.ZS,3.21562023947166
Africa Western and Central,AFW,"Population, total",SP.POP.TOTL,509398589
Arab World,ARB,Access to electricity (% of population),EG.ELC.ACCS.ZS,91.6454299444509
Arab World,ARB,Urban population (% of total population),SP.URB.TOTL.IN.ZS,59.569940800309
Arab World,ARB,Food imports (% of merchandise imports),TM.VAL.FOOD.ZS.UN,11.6922951398695
Arab World,ARB,Food exports (% of merchandise exports),TX.VAL.FOOD.ZS.UN,3.63444566215551
Arab World,ARB,"GDP per capita, PPP (current international $)",NY.GDP.PCAP.PP.CD,18488.7415611006
Arab World,ARB,"Life expectancy at birth, total (years)",SP.DYN.LE00.IN,72.4446783578531
Arab World,ARB,"Literacy rate, adult total (% of people ages 15 and above)",SE.ADT.LITR.ZS,78.616569519043
Arab World,ARB,"Government expenditure on education, total (% of GDP)",SE.XPD.TOTL.GD.ZS,..
Arab World,ARB,"Population, total",SP.POP.TOTL,482105978
Caribbean small states,CSS,Access to electricity (% of population),EG.ELC.ACCS.ZS,99.168477538461
Caribbean small states,CSS,Urban population (% of total population),SP.URB.TOTL.IN.ZS,50.1020889305245
Caribbean small states,CSS,Food imports (% of merchandise imports),TM.VAL.FOOD.ZS.UN,16.6291011622652
Caribbean small states,CSS,Food exports (% of merchandise exports),TX.VAL.FOOD.ZS.UN,12.817408122363
Caribbean small states,CSS,"GDP per capita, PPP (current international $)",NY.GDP.PCAP.PP.CD,32868.2089967349
Caribbean small states,CSS,"Life expectancy at birth, total (years)",SP.DYN.LE00.IN,73.1716450013098
Caribbean small states,CSS,"Literacy rate, adult total (% of people ages 15 and above)",SE.ADT.LITR.ZS,..
Caribbean small states,CSS,"Government expenditure on education, total (% of GDP)",SE.XPD.TOTL.GD.ZS,3.01114988327026
Caribbean small states,CSS,"Population, total",SP.POP.TOTL,4519904
Central Europe and the Baltics,CEB,Access to electricity (% of population),EG.ELC.ACCS.ZS,100
Central Europe and the Baltics,CEB,Urban population (% of total population),SP.URB.TOTL.IN.ZS,61.69707902806
Central Europe and the Baltics,CEB,Food imports (% of merchandise imports),TM.VAL.FOOD.ZS.UN,8.76403598156131
Central Europe and the Baltics,CEB,Food exports (% of merchandise exports),TX.VAL.FOOD.ZS.UN,10.309754757377
Central Europe and the Baltics,CEB,"GDP per capita, PPP (current international $)",NY.GDP.PCAP.PP.CD,47989.0336580339
Central Europe and the Baltics,CEB,"Life expectancy at birth, total (years)",SP.DYN.LE00.IN,77.8966245256412
Central Europe and the Baltics,CEB,"Literacy rate, adult total (% of people ages 15 and above)",SE.ADT.LITR.ZS,99.4918212890625
Central Europe and the Baltics,CEB,"Government expenditure on education, total (% of GDP)",SE.XPD.TOTL.GD.ZS,..
Central Europe and the Baltics,CEB,"Population, total",SP.POP.TOTL,100183707
Early-demographic dividend,EAR,Access to electricity (% of population),EG.ELC.ACCS.ZS,95.7044381043822
Early-demographic dividend,EAR,Urban population (% of total population),SP.URB.TOTL.IN.ZS,47.0167430983708
Early-demographic dividend,EAR,Food imports (% of merchandise imports),TM.VAL.FOOD.ZS.UN,9.66058293990461
Early-demographic dividend,EAR,Food exports (% of merchandise exports),TX.VAL.FOOD.ZS.UN,13.5400922111642
Early-demographic dividend,EAR,"GDP per capita, PPP (current international $)",NY.GDP.PCAP.PP.CD,13251.6405875685
Early-demographic dividend,EAR,"Life expectancy at birth, total (years)",SP.DYN.LE00.IN,71.7962449795855
Early-demographic dividend,EAR,"Literacy rate, adult total (% of people ages 15 and above)",SE.ADT.LITR.ZS,81.6767883300781
Early-demographic dividend,EAR,"Government expenditure on education, total (% of GDP)",SE.XPD.TOTL.GD.ZS,3.28934001922607
Early-demographic dividend,EAR,"Population, total",SP.POP.TOTL,3511607650
East Asia & Pacific,EAS,Access to electricity (% of population),EG.ELC.ACCS.ZS,98.4044624957692
East Asia & Pacific,EAS,Urban population (% of total population),SP.URB.TOTL.IN.ZS,64.0244370902805
East Asia & Pacific,EAS,Food imports (% of merchandise imports),TM.VAL.FOOD.ZS.UN,7.8667774019017
East Asia & Pacific,EAS,Food exports (% of merchandise exports),TX.VAL.FOOD.ZS.UN,4.54668367731107
East Asia & Pacific,EAS,"GDP per capita, PPP (current international $)",NY.GDP.PCAP.PP.CD,25623.4876925682
East Asia & Pacific,EAS,"Life expectancy at birth, total (years)",SP.DYN.LE00.IN,76.6594177267807
East Asia & Pacific,EAS,"Literacy rate, adult total (% of people ages 15 and above)",SE.ADT.LITR.ZS,96.4882202148438
East Asia & Pacific,EAS,"Government expenditure on education, total (% of GDP)",SE.XPD.TOTL.GD.ZS,3.51480007171631
East Asia & Pacific,EAS,"Population, total",SP.POP.TOTL,2384441485
East Asia & Pacific (excluding high income),EAP,Access to electricity (% of population),EG.ELC.ACCS.ZS,98.2376383007189
East Asia & Pacific (excluding high income),EAP,Urban population (% of total population),SP.URB.TOTL.IN.ZS,61.2276463501262
East Asia & Pacific (excluding high income),EAP,Food imports (% of merchandise imports),TM.VAL.FOOD.ZS.UN,9.1328692434562
East Asia & Pacific (excluding high income),EAP,Food exports (% of merchandise exports),TX.VAL.FOOD.ZS.UN,5.29626110742564
East Asia & Pacific (excluding high income),EAP,"GDP per capita, PPP (current international $)",NY.GDP.PCAP.PP.CD,21666.586245648
East Asia & Pacific (excluding high income),EAP,"Life expectancy at birth, total (years)",SP.DYN.LE00.IN,75.8806830895266
East Asia & Pacific (excluding high income),EAP,"Literacy rate, adult total (% of people ages 15 and above)",SE.ADT.LITR.ZS,96.719482421875
East Asia & Pacific (excluding high income),EAP,"Government expenditure on education, total (% of GDP)",SE.XPD.TOTL.GD.ZS,3.01801113400202
East Asia & Pacific (excluding high income),EAP,"Population, total",SP.POP.TOTL,2137527754
East Asia & Pacific (IDA & IBRD countries),TEA,Access to electricity (% of population),EG.ELC.ACCS.ZS,98.7474424069608
East Asia & Pacific (IDA & IBRD countries),TEA,Urban population (% of total population),SP.URB.TOTL.IN.ZS,61.1991011324118
East Asia & Pacific (IDA & IBRD countries),TEA,Food imports (% of merchandise imports),TM.VAL.FOOD.ZS.UN,9.1328692434562
East Asia & Pacific (IDA & IBRD countries),TEA,Food exports (% of merchandise exports),TX.VAL.FOOD.ZS.UN,5.29626110742564
East Asia & Pacific (IDA & IBRD countries),TEA,"GDP per capita, PPP (current international $)",NY.GDP.PCAP.PP.CD,21910.1107554067
East Asia & Pacific (IDA & IBRD countries),TEA,"Life expectancy at birth, total (years)",SP.DYN.LE00.IN,75.9085643603807
East Asia & Pacific (IDA & IBRD countries),TEA,"Literacy rate, adult total (% of people ages 15 and above)",SE.ADT.LITR.ZS,96.678352355957
East Asia & Pacific (IDA & IBRD countries),TEA,"Government expenditure on education, total (% of GDP)",SE.XPD.TOTL.GD.ZS,3.01801113400202
East Asia & Pacific (IDA & IBRD countries),TEA,"Population, total",SP.POP.TOTL,2111139152
Euro area,EMU,Access to electricity (% of population),EG.ELC.ACCS.ZS,100
Euro area,EMU,Urban population (% of total population),SP.URB.TOTL.IN.ZS,77.2759599495268
Euro area,EMU,Food imports (% of merchandise imports),TM.VAL.FOOD.ZS.UN,10.0620269056072
Euro area,EMU,Food exports (% of merchandise exports),TX.VAL.FOOD.ZS.UN,10.3472542237558
Euro area,EMU,"GDP per capita, PPP (current international $)",NY.GDP.PCAP.PP.CD,64036.3243961557
Euro area,EMU,"Life expectancy at birth, total (years)",SP.DYN.LE00.IN,82.194952481038
Euro area,EMU,"Literacy rate, adult total (% of people ages 15 and above)",SE.ADT.LITR.ZS,..
Euro area,EMU,"Government expenditure on education, total (% of GDP)",SE.XPD.TOTL.GD.ZS,..
Euro area,EMU,"Population, total",SP.POP.TOTL,349762722
Europe & Central Asia,ECS,Access to electricity (% of population),EG.ELC.ACCS.ZS,100
Europe & Central Asia,ECS,Urban population (% of total population),SP.URB.TOTL.IN.ZS,73.8432014952513
Europe & Central Asia,ECS,Food imports (% of merchandise imports),TM.VAL.FOOD.ZS.UN,9.65991411564382
Europe & Central Asia,ECS,Food exports (% of merchandise exports),TX.VAL.FOOD.ZS.UN,10.0938333035055
Europe & Central Asia,ECS,"GDP per capita, PPP (current international $)",NY.GDP.PCAP.PP.CD,50252.4490126679
Europe & Central Asia,ECS,"Life expectancy at birth, total (years)",SP.DYN.LE00.IN,78.3854816068932
Europe & Central Asia,ECS,"Literacy rate, adult total (% of people ages 15 and above)",SE.ADT.LITR.ZS,98.7675628662109
Europe & Central Asia,ECS,"Government expenditure on education, total (% of GDP)",SE.XPD.TOTL.GD.ZS,..
Europe & Central Asia,ECS,"Population, total",SP.POP.TOTL,924773523
Europe & Central Asia (excluding high income),ECA,Access to electricity (% of population),EG.ELC.ACCS.ZS,100
Europe & Central Asia (excluding high income),ECA,Urban population (% of total population),SP.URB.TOTL.IN.ZS,68.1621549417313
Europe & Central Asia (excluding high income),ECA,Food imports (% of merchandise imports),TM.VAL.FOOD.ZS.UN,8.66537172719271
Europe & Central Asia (excluding high income),ECA,Food exports (% of merchandise exports),TX.VAL.FOOD.ZS.UN,17.3855257311384
Europe & Central Asia (excluding high income),ECA,"GDP per capita, PPP (current international $)",NY.GDP.PCAP.PP.CD,27541.8246833293
Europe & Central Asia (excluding high income),ECA,"Life expectancy at birth, total (years)",SP.DYN.LE00.IN,74.7923060983647
Europe & Central Asia (excluding high income),ECA,"Literacy rate, adult total (% of people ages 15 and above)",SE.ADT.LITR.ZS,98.9629821777344
Europe & Central Asia (excluding high income),ECA,"Government expenditure on education, total (% of GDP)",SE.XPD.TOTL.GD.ZS,3.70918011665344
Europe & Central Asia (excluding high income),ECA,"Population, total",SP.POP.TOTL,248721385
Europe & Central Asia (IDA & IBRD countries),TEC,Access to electricity (% of population),EG.ELC.ACCS.ZS,100
Europe & Central Asia (IDA & IBRD countries),TEC,Urban population (% of total population),SP.URB.TOTL.IN.ZS,68.9599237310861
Europe & Central Asia (IDA & IBRD countries),TEC,Food imports (% of merchandise imports),TM.VAL.FOOD.ZS.UN,9.36245787620225
Europe & Central Asia (IDA & IBRD countries),TEC,Food exports (% of merchandise exports),TX.VAL.FOOD.ZS.UN,..
Europe & Central Asia (IDA & IBRD countries),TEC,"GDP per capita, PPP (current international $)",NY.GDP.PCAP.PP.CD,35796.1155604848
Europe & Central Asia (IDA & IBRD countries),TEC,"Life expectancy at birth, total (years)",SP.DYN.LE00.IN,74.7265371994292
Europe & Central Asia (IDA & IBRD countries),TEC,"Literacy rate, adult total (% of people ages 15 and above)",SE.ADT.LITR.ZS,99.3587036132812
Europe & Central Asia (IDA & IBRD countries),TEC,"Government expenditure on education, total (% of GDP)",SE.XPD.TOTL.GD.ZS,3.93686432529785
Europe & Central Asia (IDA & IBRD countries),TEC,"Population, total",SP.POP.TOTL,458602212
European Union,EUU,Access to electricity (% of population),EG.ELC.ACCS.ZS,100
European Union,EUU,Urban population (% of total population),SP.URB.TOTL.IN.ZS,74.8943502719612
European Union,EUU,Food imports (% of merchandise imports),TM.VAL.FOOD.ZS.UN,9.97436655901774
European Union,EUU,Food exports (% of merchandise exports),TX.VAL.FOOD.ZS.UN,10.4303034186115
European Union,EUU,"GDP per capita, PPP (current international $)",NY.GDP.PCAP.PP.CD,61368.1097230199
European Union,EUU,"Life expectancy at birth, total (years)",SP.DYN.LE00.IN,81.4128063717702
European Union,EUU,"Literacy rate, adult total (% of people ages 15 and above)",SE.ADT.LITR.ZS,..
European Union,EUU,"Government expenditure on education, total (% of GDP)",SE.XPD.TOTL.GD.ZS,..
European Union,EUU,"Population, total",SP.POP.TOTL,448897545
Fragile and conflict affected situations,FCS,Access to electricity (% of population),EG.ELC.ACCS.ZS,58.950109305747
Fragile and conflict affected situations,FCS,Urban population (% of total population),SP.URB.TOTL.IN.ZS,45.7781084821062
Fragile and conflict affected situations,FCS,Food imports (% of merchandise imports),TM.VAL.FOOD.ZS.UN,..
Fragile and conflict affected situations,FCS,Food exports (% of merchandise exports),TX.VAL.FOOD.ZS.UN,..
Fragile and conflict affected situations,FCS,"GDP per capita, PPP (current international $)",NY.GDP.PCAP.PP.CD,6234.09052638352
Fragile and conflict affected situations,FCS,"Life expectancy at birth, total (years)",SP.DYN.LE00.IN,63.3499447771075
Fragile and conflict affected situations,FCS,"Literacy rate, adult total (% of people ages 15 and above)",SE.ADT.LITR.ZS,67.4712677001953
Fragile and conflict affected situations,FCS,"Government expenditure on education, total (% of GDP)",SE.XPD.TOTL.GD.ZS,2.33451767489177
Fragile and conflict affected situations,FCS,"Population, total",SP.POP.TOTL,1057033168
Heavily indebted poor countries (HIPC),HPC,Access to electricity (% of population),EG.ELC.ACCS.ZS,50.5311127498598
Heavily indebted poor countries (HIPC),HPC,Urban population (% of total population),SP.URB.TOTL.IN.ZS,37.3896717239115
Heavily indebted poor countries (HIPC),HPC,Food imports (% of merchandise imports),TM.VAL.FOOD.ZS.UN,14.8514979271601
Heavily indebted poor countries (HIPC),HPC,Food exports (% of merchandise exports),TX.VAL.FOOD.ZS.UN,27.0173185760089
Heavily indebted poor countries (HIPC),HPC,"GDP per capita, PPP (current international $)",NY.GDP.PCAP.PP.CD,3449.70857928077
Heavily indebted poor countries (HIPC),HPC,"Life expectancy at birth, total (years)",SP.DYN.LE00.IN,64.7159054177481
Heavily indebted poor countries (HIPC),HPC,"Literacy rate, adult total (% of people ages 15 and above)",SE.ADT.LITR.ZS,66.2968826293945
Heavily indebted poor countries (HIPC),HPC,"Government expenditure on education, total (% of GDP)",SE.XPD.TOTL.GD.ZS,3.24413772101569
Heavily indebted poor countries (HIPC),HPC,"Population, total",SP.POP.TOTL,917304254
High income,HIC,Access to electricity (% of population),EG.ELC.ACCS.ZS,99.9884002141209
High income,HIC,Urban population (% of total population),SP.URB.TOTL.IN.ZS,80.0174997946605
High income,HIC,Food imports (% of merchandise imports),TM.VAL.FOOD.ZS.UN,8.46644155369964
High income,HIC,Food exports (% of merchandise exports),TX.VAL.FOOD.ZS.UN,8.16722824236271
High income,HIC,"GDP per capita, PPP (current international $)",NY.GDP.PCAP.PP.CD,64488.4960624259
High income,HIC,"Life expectancy at birth, total (years)",SP.DYN.LE00.IN,80.1498888009661
High income,HIC,"Literacy rate, adult total (% of people ages 15 and above)",SE.ADT.LITR.ZS,..
High income,HIC,"Government expenditure on education, total (% of GDP)",SE.XPD.TOTL.GD.ZS,..
High income,HIC,"Population, total",SP.POP.TOTL,1408190184
IBRD only,IBD,Access to electricity (% of population),EG.ELC.ACCS.ZS,99.0885820346684
IBRD only,IBD,Urban population (% of total population),SP.URB.TOTL.IN.ZS,58.0307470483158
IBRD only,IBD,Food imports (% of merchandise imports),TM.VAL.FOOD.ZS.UN,9.03301179711398
IBRD only,IBD,Food exports (% of merchandise exports),TX.VAL.FOOD.ZS.UN,10.2377619648389
IBRD only,IBD,"GDP per capita, PPP (current international $)",NY.GDP.PCAP.PP.CD,19833.3049201231
IBRD only,IBD,"Life expectancy at birth, total (years)",SP.DYN.LE00.IN,74.5206328779372
IBRD only,IBD,"Literacy rate, adult total (% of people ages 15 and above)",SE.ADT.LITR.ZS,90.4358825683594
IBRD only,IBD,"Government expenditure on education, total (% of GDP)",SE.XPD.TOTL.GD.ZS,3.64066817034714
IBRD only,IBD,"Population, total",SP.POP.TOTL,4952212190
IDA & IBRD total,IBT,Access to electricity (% of population),EG.ELC.ACCS.ZS,90.3146248872835
IDA & IBRD total,IBT,Urban population (% of total population),SP.URB.TOTL.IN.ZS,53.0808012257073
IDA & IBRD total,IBT,Food imports (% of merchandise imports),TM.VAL.FOOD.ZS.UN,9.42186483193972
IDA & IBRD total,IBT,Food exports (% of merchandise exports),TX.VAL.FOOD.ZS.UN,10.6955593130352
IDA & IBRD total,IBT,"GDP per capita, PPP (current international $)",NY.GDP.PCAP.PP.CD,15834.6785727655
IDA & IBRD total,IBT,"Life expectancy at birth, total (years)",SP.DYN.LE00.IN,72.0004516179201
IDA & IBRD total,IBT,"Literacy rate, adult total (% of people ages 15 and above)",SE.ADT.LITR.ZS,85.60888671875
IDA & IBRD total,IBT,"Government expenditure on education, total (% of GDP)",SE.XPD.TOTL.GD.ZS,3.42617011070252
IDA & IBRD total,IBT,"Population, total",SP.POP.TOTL,6858521511
IDA blend,IDB,Access to electricity (% of population),EG.ELC.ACCS.ZS,77.9201343756954
IDA blend,IDB,Urban population (% of total population),SP.URB.TOTL.IN.ZS,48.1773673159897
IDA blend,IDB,Food imports (% of merchandise imports),TM.VAL.FOOD.ZS.UN,15.2396953836388
IDA blend,IDB,Food exports (% of merchandise exports),TX.VAL.FOOD.ZS.UN,16.1205909766626
IDA blend,IDB,"GDP per capita, PPP (current international $)",NY.GDP.PCAP.PP.CD,7301.41287406728
IDA blend,IDB,"Life expectancy at birth, total (years)",SP.DYN.LE00.IN,62.4621643327349
IDA blend,IDB,"Literacy rate, adult total (% of people ages 15 and above)",SE.ADT.LITR.ZS,68.8631820678711
IDA blend,IDB,"Government expenditure on education, total (% of GDP)",SE.XPD.TOTL.GD.ZS,3.34005209256916
IDA blend,IDB,"Population, total",SP.POP.TOTL,664395892
IDA only,IDX,Access to electricity (% of population),EG.ELC.ACCS.ZS,61.9201921189084
IDA only,IDX,Urban population (% of total population),SP.URB.TOTL.IN.ZS,35.9657912741954
IDA only,IDX,Food imports (% of merchandise imports),TM.VAL.FOOD.ZS.UN,..
IDA only,IDX,Food exports (% of merchandise exports),TX.VAL.FOOD.ZS.UN,25.6460738067452
IDA only,IDX,"GDP per capita, PPP (current international $)",NY.GDP.PCAP.PP.CD,4484.0573049152
IDA only,IDX,"Life expectancy at birth, total (years)",SP.DYN.LE00.IN,67.0538318903115
IDA only,IDX,"Literacy rate, adult total (% of people ages 15 and above)",SE.ADT.LITR.ZS,70.6173782348633
IDA only,IDX,"Government expenditure on education, total (% of GDP)",SE.XPD.TOTL.GD.ZS,3.21562023947166
IDA only,IDX,"Population, total",SP.POP.TOTL,1241913429
IDA total,IDA,Access to electricity (% of population),EG.ELC.ACCS.ZS,67.5014937828868
IDA total,IDA,Urban population (% of total population),SP.URB.TOTL.IN.ZS,40.2218272005988
IDA total,IDA,Food imports (% of merchandise imports),TM.VAL.FOOD.ZS.UN,14.7058334407741
IDA total,IDA,Food exports (% of merchandise exports),TX.VAL.FOOD.ZS.UN,20.4028183003036
IDA total,IDA,"GDP per capita, PPP (current international $)",NY.GDP.PCAP.PP.CD,5459.15149707535
IDA total,IDA,"Life expectancy at birth, total (years)",SP.DYN.LE00.IN,65.4535223135408
IDA total,IDA,"Literacy rate, adult total (% of people ages 15 and above)",SE.ADT.LITR.ZS,69.7270431518555
IDA total,IDA,"Government expenditure on education, total (% of GDP)",SE.XPD.TOTL.GD.ZS,3.22974322056608
IDA total,IDA,"Population, total",SP.POP.TOTL,1906309321
Late-demographic dividend,LTE,Access to electricity (% of population),EG.ELC.ACCS.ZS,99.457096381276
Late-demographic dividend,LTE,Urban population (% of total population),SP.URB.TOTL.IN.ZS,66.9097067880546
Late-demographic dividend,LTE,Food imports (% of merchandise imports),TM.VAL.FOOD.ZS.UN,9.00110815830466
Late-demographic dividend,LTE,Food exports (% of merchandise exports),TX.VAL.FOOD.ZS.UN,7.45513238330631
Late-demographic dividend,LTE,"GDP per capita, PPP (current international $)",NY.GDP.PCAP.PP.CD,26461.845974943
Late-demographic dividend,LTE,"Life expectancy at birth, total (years)",SP.DYN.LE00.IN,77.1297750439663
Late-demographic dividend,LTE,"Literacy rate, adult total (% of people ages 15 and above)",SE.ADT.LITR.ZS,96.7300872802734
Late-demographic dividend,LTE,"Government expenditure on education, total (% of GDP)",SE.XPD.TOTL.GD.ZS,4.00127983093262
Late-demographic dividend,LTE,"Population, total",SP.POP.TOTL,2326296729
Latin America & Caribbean,LCN,Access to electricity (% of population),EG.ELC.ACCS.ZS,98.4226177260082
Latin America & Caribbean,LCN,Urban population (% of total population),SP.URB.TOTL.IN.ZS,81.0435031476023
Latin America & Caribbean,LCN,Food imports (% of merchandise imports),TM.VAL.FOOD.ZS.UN,9.31295639939984
Latin America & Caribbean,LCN,Food exports (% of merchandise exports),TX.VAL.FOOD.ZS.UN,24.3321880053052
Latin America & Caribbean,LCN,"GDP per capita, PPP (current international $)",NY.GDP.PCAP.PP.CD,22091.9909742258
Latin America & Caribbean,LCN,"Life expectancy at birth, total (years)",SP.DYN.LE00.IN,75.6435273174016
Latin America & Caribbean,LCN,"Literacy rate, adult total (% of people ages 15 and above)",SE.ADT.LITR.ZS,94.8254928588867
Latin America & Caribbean,LCN,"Government expenditure on education, total (% of GDP)",SE.XPD.TOTL.GD.ZS,3.7606477375256
Latin America & Caribbean,LCN,"Population, total",SP.POP.TOTL,657616517
Latin America & Caribbean (excluding high income),LAC,Access to electricity (% of population),EG.ELC.ACCS.ZS,98.2687443423624
Latin America & Caribbean (excluding high income),LAC,Urban population (% of total population),SP.URB.TOTL.IN.ZS,80.5262275066979
Latin America & Caribbean (excluding high income),LAC,Food imports (% of merchandise imports),TM.VAL.FOOD.ZS.UN,8.61768936609739
Latin America & Caribbean (excluding high income),LAC,Food exports (% of merchandise exports),TX.VAL.FOOD.ZS.UN,24.3074961843533
Latin America & Caribbean (excluding high income),LAC,"GDP per capita, PPP (current international $)",NY.GDP.PCAP.PP.CD,21091.6097448769
Latin America & Caribbean (excluding high income),LAC,"Life expectancy at birth, total (years)",SP.DYN.LE00.IN,75.4986013301867
Latin America & Caribbean (excluding high income),LAC,"Literacy rate, adult total (% of people ages 15 and above)",SE.ADT.LITR.ZS,94.5834732055664
Latin America & Caribbean (excluding high income),LAC,"Government expenditure on education, total (% of GDP)",SE.XPD.TOTL.GD.ZS,3.82714889622862
Latin America & Caribbean (excluding high income),LAC,"Population, total",SP.POP.TOTL,589889543
Latin America & the Caribbean (IDA & IBRD countries),TLA,Access to electricity (% of population),EG.ELC.ACCS.ZS,98.3852491204833
Latin America & the Caribbean (IDA & IBRD countries),TLA,Urban population (% of total population),SP.URB.TOTL.IN.ZS,81.0398075940594
Latin America & the Caribbean (IDA & IBRD countries),TLA,Food imports (% of merchandise imports),TM.VAL.FOOD.ZS.UN,9.23445415293887
Latin America & the Caribbean (IDA & IBRD countries),TLA,Food exports (% of merchandise exports),TX.VAL.FOOD.ZS.UN,24.3065858710703
Latin America & the Caribbean (IDA & IBRD countries),TLA,"GDP per capita, PPP (current international $)",NY.GDP.PCAP.PP.CD,21983.7516896603
Latin America & the Caribbean (IDA & IBRD countries),TLA,"Life expectancy at birth, total (years)",SP.DYN.LE00.IN,75.5699258379688
Latin America & the Caribbean (IDA & IBRD countries),TLA,"Literacy rate, adult total (% of people ages 15 and above)",SE.ADT.LITR.ZS,94.7478790283203
Latin America & the Caribbean (IDA & IBRD countries),TLA,"Government expenditure on education, total (% of GDP)",SE.XPD.TOTL.GD.ZS,3.58356891251738
Latin America & the Caribbean (IDA & IBRD countries),TLA,"Population, total",SP.POP.TOTL,642397939
Least developed countries: UN classification,LDC,Access to electricity (% of population),EG.ELC.ACCS.ZS,58.4341452966049
Least developed countries: UN classification,LDC,Urban population (% of total population),SP.URB.TOTL.IN.ZS,35.6959352473229
Least developed countries: UN classification,LDC,Food imports (% of merchandise imports),TM.VAL.FOOD.ZS.UN,..
Least developed countries: UN classification,LDC,Food exports (% of merchandise exports),TX.VAL.FOOD.ZS.UN,15.1392903522316
Least developed countries: UN classification,LDC,"GDP per capita, PPP (current international $)",NY.GDP.PCAP.PP.CD,4286.72070784438
Least developed countries: UN classification,LDC,"Life expectancy at birth, total (years)",SP.DYN.LE00.IN,66.5161002597788
Least developed countries: UN classification,LDC,"Literacy rate, adult total (% of people ages 15 and above)",SE.ADT.LITR.ZS,67.9737167358398
Least developed countries: UN classification,LDC,"Government expenditure on education, total (% of GDP)",SE.XPD.TOTL.GD.ZS,3.20149725837724
Least developed countries: UN classification,LDC,"Population, total",SP.POP.TOTL,1160824674
Low & middle income,LMY,Access to electricity (% of population),EG.ELC.ACCS.ZS,90.491567372195
Low & middle income,LMY,Urban population (% of total population),SP.URB.TOTL.IN.ZS,52.9287910725292
Low & middle income,LMY,Food imports (% of merchandise imports),TM.VAL.FOOD.ZS.UN,9.27843284891641
Low & middle income,LMY,Food exports (% of merchandise exports),TX.VAL.FOOD.ZS.UN,10.1247957170401
Low & middle income,LMY,"GDP per capita, PPP (current international $)",NY.GDP.PCAP.PP.CD,14898.6485669954
Low & middle income,LMY,"Life expectancy at birth, total (years)",SP.DYN.LE00.IN,71.9736125967917
Low & middle income,LMY,"Literacy rate, adult total (% of people ages 15 and above)",SE.ADT.LITR.ZS,85.4538269042969
Low & middle income,LMY,"Government expenditure on education, total (% of GDP)",SE.XPD.TOTL.GD.ZS,3.51480007171631
Low & middle income,LMY,"Population, total",SP.POP.TOTL,6498875200
Low income,LIC,Access to electricity (% of population),EG.ELC.ACCS.ZS,45.2721918756793
Low income,LIC,Urban population (% of total population),SP.URB.TOTL.IN.ZS,36.8047741771747
Low income,LIC,Food imports (% of merchandise imports),TM.VAL.FOOD.ZS.UN,..
Low income,LIC,Food exports (% of merchandise exports),TX.VAL.FOOD.ZS.UN,..
Low income,LIC,"GDP per capita, PPP (current international $)",NY.GDP.PCAP.PP.CD,2289.51620645228
Low income,LIC,"Life expectancy at birth, total (years)",SP.DYN.LE00.IN,64.5178957936853
Low income,LIC,"Literacy rate, adult total (% of people ages 15 and above)",SE.ADT.LITR.ZS,63.2088813781738
Low income,LIC,"Government expenditure on education, total (% of GDP)",SE.XPD.TOTL.GD.ZS,..
Low income,LIC,"Population, total",SP.POP.TOTL,607774703
Lower middle income,LMC,Access to electricity (% of population),EG.ELC.ACCS.ZS,91.2680749757223
Lower middle income,LMC,Urban population (% of total population),SP.URB.TOTL.IN.ZS,41.2145785460972
Lower middle income,LMC,Food imports (% of merchandise imports),TM.VAL.FOOD.ZS.UN,10.7843488517045
Lower middle income,LMC,Food exports (% of merchandise exports),TX.VAL.FOOD.ZS.UN,13.0099366004706
Lower middle income,LMC,"GDP per capita, PPP (current international $)",NY.GDP.PCAP.PP.CD,9599.87294803058
Lower middle income,LMC,"Life expectancy at birth, total (years)",SP.DYN.LE00.IN,69.5963746571515
Lower middle income,LMC,"Literacy rate, adult total (% of people ages 15 and above)",SE.ADT.LITR.ZS,77.779296875
Lower middle income,LMC,"Government expenditure on education, total (% of GDP)",SE.XPD.TOTL.GD.ZS,3.42617011070252
Lower middle income,LMC,"Population, total",SP.POP.TOTL,3082002881
"Middle East, North Africa, Afghanistan & Pakistan",MEA,Access to electricity (% of population),EG.ELC.ACCS.ZS,96.4226367435274
"Middle East, North Africa, Afghanistan & Pakistan",MEA,Urban population (% of total population),SP.URB.TOTL.IN.ZS,55.4304551226559
"Middle East, North Africa, Afghanistan & Pakistan",MEA,Food imports (% of merchandise imports),TM.VAL.FOOD.ZS.UN,11.7463001950621
"Middle East, North Africa, Afghanistan & Pakistan",MEA,Food exports (% of merchandise exports),TX.VAL.FOOD.ZS.UN,4.14092906634345
"Middle East, North Africa, Afghanistan & Pakistan",MEA,"GDP per capita, PPP (current international $)",NY.GDP.PCAP.PP.CD,15802.6631979548
"Middle East, North Africa, Afghanistan & Pakistan",MEA,"Life expectancy at birth, total (years)",SP.DYN.LE00.IN,72.0839412410497
"Middle East, North Africa, Afghanistan & Pakistan",MEA,"Literacy rate, adult total (% of people ages 15 and above)",SE.ADT.LITR.ZS,75.0680389404297
"Middle East, North Africa, Afghanistan & Pakistan",MEA,"Government expenditure on education, total (% of GDP)",SE.XPD.TOTL.GD.ZS,..
"Middle East, North Africa, Afghanistan & Pakistan",MEA,"Population, total",SP.POP.TOTL,797801454
"Middle East, North Africa, Afghanistan & Pakistan (excluding high income)",MNA,Access to electricity (% of population),EG.ELC.ACCS.ZS,96.0854287468734
"Middle East, North Africa, Afghanistan & Pakistan (excluding high income)",MNA,Urban population (% of total population),SP.URB.TOTL.IN.ZS,52.4233912654293
"Middle East, North Africa, Afghanistan & Pakistan (excluding high income)",MNA,Food imports (% of merchandise imports),TM.VAL.FOOD.ZS.UN,..
"Middle East, North Africa, Afghanistan & Pakistan (excluding high income)",MNA,Food exports (% of merchandise exports),TX.VAL.FOOD.ZS.UN,..
"Middle East, North Africa, Afghanistan & Pakistan (excluding high income)",MNA,"GDP per capita, PPP (current international $)",NY.GDP.PCAP.PP.CD,10869.5026341704
"Middle East, North Africa, Afghanistan & Pakistan (excluding high income)",MNA,"Life expectancy at birth, total (years)",SP.DYN.LE00.IN,71.2758849884582
"Middle East, North Africa, Afghanistan & Pakistan (excluding high income)",MNA,"Literacy rate, adult total (% of people ages 15 and above)",SE.ADT.LITR.ZS,..
"Middle East, North Africa, Afghanistan & Pakistan (excluding high income)",MNA,"Government expenditure on education, total (% of GDP)",SE.XPD.TOTL.GD.ZS,..
"Middle East, North Africa, Afghanistan & Pakistan (excluding high income)",MNA,"Population, total",SP.POP.TOTL,729077445
"Middle East, North Africa, Afghanistan & Pakistan (IDA & IBRD)",TMN,Access to electricity (% of population),EG.ELC.ACCS.ZS,96.0574946837091
"Middle East, North Africa, Afghanistan & Pakistan (IDA & IBRD)",TMN,Urban population (% of total population),SP.URB.TOTL.IN.ZS,52.1776709218643
"Middle East, North Africa, Afghanistan & Pakistan (IDA & IBRD)",TMN,Food imports (% of merchandise imports),TM.VAL.FOOD.ZS.UN,..
"Middle East, North Africa, Afghanistan & Pakistan (IDA & IBRD)",TMN,Food exports (% of merchandise exports),TX.VAL.FOOD.ZS.UN,..
"Middle East, North Africa, Afghanistan & Pakistan (IDA & IBRD)",TMN,"GDP per capita, PPP (current international $)",NY.GDP.PCAP.PP.CD,10905.7472983672
"Middle East, North Africa, Afghanistan & Pakistan (IDA & IBRD)",TMN,"Life expectancy at birth, total (years)",SP.DYN.LE00.IN,71.3194560888195
"Middle East, North Africa, Afghanistan & Pakistan (IDA & IBRD)",TMN,"Literacy rate, adult total (% of people ages 15 and above)",SE.ADT.LITR.ZS,..
"Middle East, North Africa, Afghanistan & Pakistan (IDA & IBRD)",TMN,"Government expenditure on education, total (% of GDP)",SE.XPD.TOTL.GD.ZS,3.51486315596325
"Middle East, North Africa, Afghanistan & Pakistan (IDA & IBRD)",TMN,"Population, total",SP.POP.TOTL,723911670
Middle income,MIC,Access to electricity (% of population),EG.ELC.ACCS.ZS,95.1581054427171
Middle income,MIC,Urban population (% of total population),SP.URB.TOTL.IN.ZS,54.5922781552452
Middle income,MIC,Food imports (% of merchandise imports),TM.VAL.FOOD.ZS.UN,9.24209064544038
Middle income,MIC,Food exports (% of merchandise exports),TX.VAL.FOOD.ZS.UN,10.0924451332671
Middle income,MIC,"GDP per capita, PPP (current international $)",NY.GDP.PCAP.PP.CD,16203.7273886376
Middle income,MIC,"Life expectancy at birth, total (years)",SP.DYN.LE00.IN,72.7428060722667
Middle income,MIC,"Literacy rate, adult total (% of people ages 15 and above)",SE.ADT.LITR.ZS,87.5513916015625
Middle income,MIC,"Government expenditure on education, total (% of GDP)",SE.XPD.TOTL.GD.ZS,3.51486315596325
Middle income,MIC,"Population, total",SP.POP.TOTL,5891100497
North America,NAC,Access to electricity (% of population),EG.ELC.ACCS.ZS,100
North America,NAC,Urban population (% of total population),SP.URB.TOTL.IN.ZS,80.3358741691711
North America,NAC,Food imports (% of merchandise imports),TM.VAL.FOOD.ZS.UN,7.05096948658997
North America,NAC,Food exports (% of merchandise exports),TX.VAL.FOOD.ZS.UN,10.2446894692365
North America,NAC,"GDP per capita, PPP (current international $)",NY.GDP.PCAP.PP.CD,80387.021822965
North America,NAC,"Life expectancy at birth, total (years)",SP.DYN.LE00.IN,78.7328213732191
North America,NAC,"Literacy rate, adult total (% of people ages 15 and above)",SE.ADT.LITR.ZS,..
North America,NAC,"Government expenditure on education, total (% of GDP)",SE.XPD.TOTL.GD.ZS,..
North America,NAC,"Population, total",SP.POP.TOTL,376954413
Not classified,INX,Access to electricity (% of population),EG.ELC.ACCS.ZS,..
Not classified,INX,Urban population (% of total population),SP.URB.TOTL.IN.ZS,..
Not classified,INX,Food imports (% of merchandise imports),TM.VAL.FOOD.ZS.UN,..
Not classified,INX,Food exports (% of merchandise exports),TX.VAL.FOOD.ZS.UN,..
Not classified,INX,"GDP per capita, PPP (current international $)",NY.GDP.PCAP.PP.CD,..
Not classified,INX,"Life expectancy at birth, total (years)",SP.DYN.LE00.IN,..
Not classified,INX,"Literacy rate, adult total (% of people ages 15 and above)",SE.ADT.LITR.ZS,..
Not classified,INX,"Government expenditure on education, total (% of GDP)",SE.XPD.TOTL.GD.ZS,..
Not classified,INX,"Population, total",SP.POP.TOTL,..
OECD members,OED,Access to electricity (% of population),EG.ELC.ACCS.ZS,99.9229486259415
OECD members,OED,Urban population (% of total population),SP.URB.TOTL.IN.ZS,81.0542645072705
OECD members,OED,Food imports (% of merchandise imports),TM.VAL.FOOD.ZS.UN,8.63631779746038
OECD members,OED,Food exports (% of merchandise exports),TX.VAL.FOOD.ZS.UN,9.09953351614598
OECD members,OED,"GDP per capita, PPP (current international $)",NY.GDP.PCAP.PP.CD,59701.2937485839
OECD members,OED,"Life expectancy at birth, total (years)",SP.DYN.LE00.IN,80.1614352591851
OECD members,OED,"Literacy rate, adult total (% of people ages 15 and above)",SE.ADT.LITR.ZS,..
OECD members,OED,"Government expenditure on education, total (% of GDP)",SE.XPD.TOTL.GD.ZS,..
OECD members,OED,"Population, total",SP.POP.TOTL,1387897706
Other small states,OSS,Access to electricity (% of population),EG.ELC.ACCS.ZS,94.4954692175265
Other small states,OSS,Urban population (% of total population),SP.URB.TOTL.IN.ZS,54.7413384725346
Other small states,OSS,Food imports (% of merchandise imports),TM.VAL.FOOD.ZS.UN,15.5608430319163
Other small states,OSS,Food exports (% of merchandise exports),TX.VAL.FOOD.ZS.UN,20.2013404634793
Other small states,OSS,"GDP per capita, PPP (current international $)",NY.GDP.PCAP.PP.CD,28037.0871693725
Other small states,OSS,"Life expectancy at birth, total (years)",SP.DYN.LE00.IN,73.5594214776897
Other small states,OSS,"Literacy rate, adult total (% of people ages 15 and above)",SE.ADT.LITR.ZS,87.0094375610352
Other small states,OSS,"Government expenditure on education, total (% of GDP)",SE.XPD.TOTL.GD.ZS,5.00431592836751
Other small states,OSS,"Population, total",SP.POP.TOTL,12822134
Pacific island small states,PSS,Access to electricity (% of population),EG.ELC.ACCS.ZS,88.8705713618501
Pacific island small states,PSS,Urban population (% of total population),SP.URB.TOTL.IN.ZS,40.2526358335376
Pacific island small states,PSS,Food imports (% of merchandise imports),TM.VAL.FOOD.ZS.UN,..
Pacific island small states,PSS,Food exports (% of merchandise exports),TX.VAL.FOOD.ZS.UN,..
Pacific island small states,PSS,"GDP per capita, PPP (current international $)",NY.GDP.PCAP.PP.CD,7855.01947624673
Pacific island small states,PSS,"Life expectancy at birth, total (years)",SP.DYN.LE00.IN,69.2745949035856
Pacific island small states,PSS,"Literacy rate, adult total (% of people ages 15 and above)",SE.ADT.LITR.ZS,..
Pacific island small states,PSS,"Government expenditure on education, total (% of GDP)",SE.XPD.TOTL.GD.ZS,..
Pacific island small states,PSS,"Population, total",SP.POP.TOTL,2689224
Post-demographic dividend,PST,Access to electricity (% of population),EG.ELC.ACCS.ZS,100
Post-demographic dividend,PST,Urban population (% of total population),SP.URB.TOTL.IN.ZS,81.0611183167151
Post-demographic dividend,PST,Food imports (% of merchandise imports),TM.VAL.FOOD.ZS.UN,8.30466737960657
Post-demographic dividend,PST,Food exports (% of merchandise exports),TX.VAL.FOOD.ZS.UN,8.47873801288234
Post-demographic dividend,PST,"GDP per capita, PPP (current international $)",NY.GDP.PCAP.PP.CD,65676.3739080037
Post-demographic dividend,PST,"Life expectancy at birth, total (years)",SP.DYN.LE00.IN,80.8230563837636
Post-demographic dividend,PST,"Literacy rate, adult total (% of people ages 15 and above)",SE.ADT.LITR.ZS,..
Post-demographic dividend,PST,"Government expenditure on education, total (% of GDP)",SE.XPD.TOTL.GD.ZS,..
Post-demographic dividend,PST,"Population, total",SP.POP.TOTL,1121315547
Pre-demographic dividend,PRE,Access to electricity (% of population),EG.ELC.ACCS.ZS,52.5309883201788
Pre-demographic dividend,PRE,Urban population (% of total population),SP.URB.TOTL.IN.ZS,44.9432746652763
Pre-demographic dividend,PRE,Food imports (% of merchandise imports),TM.VAL.FOOD.ZS.UN,..
Pre-demographic dividend,PRE,Food exports (% of merchandise exports),TX.VAL.FOOD.ZS.UN,12.2778433372464
Pre-demographic dividend,PRE,"GDP per capita, PPP (current international $)",NY.GDP.PCAP.PP.CD,5102.90092713158
Pre-demographic dividend,PRE,"Life expectancy at birth, total (years)",SP.DYN.LE00.IN,62.1636298902791
Pre-demographic dividend,PRE,"Literacy rate, adult total (% of people ages 15 and above)",SE.ADT.LITR.ZS,67.3943176269531
Pre-demographic dividend,PRE,"Government expenditure on education, total (% of GDP)",SE.XPD.TOTL.GD.ZS,3.24413772101569
Pre-demographic dividend,PRE,"Population, total",SP.POP.TOTL,1078224044
Small states,SST,Access to electricity (% of population),EG.ELC.ACCS.ZS,94.7947483488559
Small states,SST,Urban population (% of total population),SP.URB.TOTL.IN.ZS,51.7493987022104
Small states,SST,Food imports (% of merchandise imports),TM.VAL.FOOD.ZS.UN,16.0541936659794
Small states,SST,Food exports (% of merchandise exports),TX.VAL.FOOD.ZS.UN,18.9006769474429
Small states,SST,"GDP per capita, PPP (current international $)",NY.GDP.PCAP.PP.CD,26417.7236995124
Small states,SST,"Life expectancy at birth, total (years)",SP.DYN.LE00.IN,72.8966788653862
Small states,SST,"Literacy rate, adult total (% of people ages 15 and above)",SE.ADT.LITR.ZS,87.9334716796875
Small states,SST,"Government expenditure on education, total (% of GDP)",SE.XPD.TOTL.GD.ZS,4.78597787804789
Small states,SST,"Population, total",SP.POP.TOTL,20031262
South Asia,SAS,Access to electricity (% of population),EG.ELC.ACCS.ZS,99.4087889697405
South Asia,SAS,Urban population (% of total population),SP.URB.TOTL.IN.ZS,35.137165500664
South Asia,SAS,Food imports (% of merchandise imports),TM.VAL.FOOD.ZS.UN,5.28632194076334
South Asia,SAS,Food exports (% of merchandise exports),TX.VAL.FOOD.ZS.UN,11.6436327894373
South Asia,SAS,"GDP per capita, PPP (current international $)",NY.GDP.PCAP.PP.CD,10176.3547635823
South Asia,SAS,"Life expectancy at birth, total (years)",SP.DYN.LE00.IN,72.3247648783903
South Asia,SAS,"Literacy rate, adult total (% of people ages 15 and above)",SE.ADT.LITR.ZS,77.5703735351562
South Asia,SAS,"Government expenditure on education, total (% of GDP)",SE.XPD.TOTL.GD.ZS,2.16213826344701
South Asia,SAS,"Population, total",SP.POP.TOTL,1662580579
South Asia (IDA & IBRD),TSA,Access to electricity (% of population),EG.ELC.ACCS.ZS,99.4087889697405
South Asia (IDA & IBRD),TSA,Urban population (% of total population),SP.URB.TOTL.IN.ZS,35.137165500664
South Asia (IDA & IBRD),TSA,Food imports (% of merchandise imports),TM.VAL.FOOD.ZS.UN,5.28632194076334
South Asia (IDA & IBRD),TSA,Food exports (% of merchandise exports),TX.VAL.FOOD.ZS.UN,11.6436327894373
South Asia (IDA & IBRD),TSA,"GDP per capita, PPP (current international $)",NY.GDP.PCAP.PP.CD,10176.3547635823
South Asia (IDA & IBRD),TSA,"Life expectancy at birth, total (years)",SP.DYN.LE00.IN,72.3247648783903
South Asia (IDA & IBRD),TSA,"Literacy rate, adult total (% of people ages 15 and above)",SE.ADT.LITR.ZS,77.5703735351562
South Asia (IDA & IBRD),TSA,"Government expenditure on education, total (% of GDP)",SE.XPD.TOTL.GD.ZS,2.16213826344701
South Asia (IDA & IBRD),TSA,"Population, total",SP.POP.TOTL,1662580579
Sub-Saharan Africa,SSF,Access to electricity (% of population),EG.ELC.ACCS.ZS,53.2558710664349
Sub-Saharan Africa,SSF,Urban population (% of total population),SP.URB.TOTL.IN.ZS,43.6392284682928
Sub-Saharan Africa,SSF,Food imports (% of merchandise imports),TM.VAL.FOOD.ZS.UN,12.1761458666779
Sub-Saharan Africa,SSF,Food exports (% of merchandise exports),TX.VAL.FOOD.ZS.UN,13.5603714052804
Sub-Saharan Africa,SSF,"GDP per capita, PPP (current international $)",NY.GDP.PCAP.PP.CD,5318.14347437487
Sub-Saharan Africa,SSF,"Life expectancy at birth, total (years)",SP.DYN.LE00.IN,62.6028071536951
Sub-Saharan Africa,SSF,"Literacy rate, adult total (% of people ages 15 and above)",SE.ADT.LITR.ZS,68.4389419555664
Sub-Saharan Africa,SSF,"Government expenditure on education, total (% of GDP)",SE.XPD.TOTL.GD.ZS,3.25853222146531
Sub-Saharan Africa,SSF,"Population, total",SP.POP.TOTL,1259889959
Sub-Saharan Africa (excluding high income),SSA,Access to electricity (% of population),EG.ELC.ACCS.ZS,53.0069667981858
Sub-Saharan Africa (excluding high income),SSA,Urban population (% of total population),SP.URB.TOTL.IN.ZS,45.980688615295
Sub-Saharan Africa (excluding high income),SSA,Food imports (% of merchandise imports),TM.VAL.FOOD.ZS.UN,12.0525816658184
Sub-Saharan Africa (excluding high income),SSA,Food exports (% of merchandise exports),TX.VAL.FOOD.ZS.UN,12.7208879530236
Sub-Saharan Africa (excluding high income),SSA,"GDP per capita, PPP (current international $)",NY.GDP.PCAP.PP.CD,5571.64191022976
Sub-Saharan Africa (excluding high income),SSA,"Life expectancy at birth, total (years)",SP.DYN.LE00.IN,62.0653555476155
Sub-Saharan Africa (excluding high income),SSA,"Literacy rate, adult total (% of people ages 15 and above)",SE.ADT.LITR.ZS,68.43505859375
Sub-Saharan Africa (excluding high income),SSA,"Government expenditure on education, total (% of GDP)",SE.XPD.TOTL.GD.ZS,3.29929215701724
Sub-Saharan Africa (excluding high income),SSA,"Population, total",SP.POP.TOTL,1131078494
Sub-Saharan Africa (IDA & IBRD countries),TSS,Access to electricity (% of population),EG.ELC.ACCS.ZS,53.2558710664349
Sub-Saharan Africa (IDA & IBRD countries),TSS,Urban population (% of total population),SP.URB.TOTL.IN.ZS,43.6392284682928
Sub-Saharan Africa (IDA & IBRD countries),TSS,Food imports (% of merchandise imports),TM.VAL.FOOD.ZS.UN,12.1761458666779
Sub-Saharan Africa (IDA & IBRD countries),TSS,Food exports (% of merchandise exports),TX.VAL.FOOD.ZS.UN,13.5603714052804
Sub-Saharan Africa (IDA & IBRD countries),TSS,"GDP per capita, PPP (current international $)",NY.GDP.PCAP.PP.CD,5318.14347437486
Sub-Saharan Africa (IDA & IBRD countries),TSS,"Life expectancy at birth, total (years)",SP.DYN.LE00.IN,62.6028071536951
Sub-Saharan Africa (IDA & IBRD countries),TSS,"Literacy rate, adult total (% of people ages 15 and above)",SE.ADT.LITR.ZS,68.4389419555664
Sub-Saharan Africa (IDA & IBRD countries),TSS,"Government expenditure on education, total (% of GDP)",SE.XPD.TOTL.GD.ZS,3.25853222146531
Sub-Saharan Africa (IDA & IBRD countries),TSS,"Population, total",SP.POP.TOTL,1259889959
Upper middle income,UMC,Access to electricity (% of population),EG.ELC.ACCS.ZS,99.4286124139067
Upper middle income,UMC,Urban population (% of total population),SP.URB.TOTL.IN.ZS,69.2696280991238
Upper middle income,UMC,Food imports (% of merchandise imports),TM.VAL.FOOD.ZS.UN,8.74434772948639
Upper middle income,UMC,Food exports (% of merchandise exports),TX.VAL.FOOD.ZS.UN,9.49563011451215
Upper middle income,UMC,"GDP per capita, PPP (current international $)",NY.GDP.PCAP.PP.CD,23433.8813544293
Upper middle income,UMC,"Life expectancy at birth, total (years)",SP.DYN.LE00.IN,76.1949149028821
Upper middle income,UMC,"Literacy rate, adult total (% of people ages 15 and above)",SE.ADT.LITR.ZS,96.0365371704102
Upper middle income,UMC,"Government expenditure on education, total (% of GDP)",SE.XPD.TOTL.GD.ZS,3.66082501411437
Upper middle income,UMC,"Population, total",SP.POP.TOTL,2809097616
World,WLD,Access to electricity (% of population),EG.ELC.ACCS.ZS,91.5991774421991
World,WLD,Urban population (% of total population),SP.URB.TOTL.IN.ZS,57.3099507018106
World,WLD,Food imports (% of merchandise imports),TM.VAL.FOOD.ZS.UN,8.70888865000773
World,WLD,Food exports (% of merchandise exports),TX.VAL.FOOD.ZS.UN,8.78245755618175
World,WLD,"GDP per capita, PPP (current international $)",NY.GDP.PCAP.PP.CD,23379.1732967639
World,WLD,"Life expectancy at birth, total (years)",SP.DYN.LE00.IN,73.3289501544845
World,WLD,"Literacy rate, adult total (% of people ages 15 and above)",SE.ADT.LITR.ZS,87.577392578125
World,WLD,"Government expenditure on education, total (% of GDP)",SE.XPD.TOTL.GD.ZS,3.51483161383978
World,WLD,"Population, total",SP.POP.TOTL,8064057930
,,,,
,,,,
,,,,
Data from database: World Development Indicators,,,,
Last Updated: 02/24/2026,,,,
